id,block_name,x_cad,y_cad,x1,y1,x2,y2,w_cad,h_cad
comp_0001,aparato_0001,7.0000,126.8000,6.1760,126.2000,7.8240,127.4000,1.6480,1.2000
comp_0002,aparato_0002,10.5000,126.8000,10.1000,126.2000,10.9000,127.4000,0.8000,1.2000
comp_0003,aparato_0003,14.0000,126.8000,12.7500,126.7114,15.2500,126.8886,2.5000,0.1772
comp_0004,aparato_0004,17.5000,126.8000,17.4250,126.2000,17.5750,127.4000,0.1500,1.2000
comp_0005,aparato_0005,21.0000,126.8000,20.2950,126.2000,21.7050,127.4000,1.4100,1.2000
comp_0006,aparato_0006,24.5000,126.8000,23.2500,126.3000,25.7500,127.3000,2.5000,1.0000
comp_0007,aparato_0007,28.0000,126.8000,26.7500,126.5528,29.2500,127.0472,2.5000,0.4944
comp_0008,aparato_0008,31.5000,126.8000,31.4202,126.2000,31.5798,127.4000,0.1596,1.2000
comp_0009,aparato_0009,35.0000,126.8000,34.8501,126.2000,35.1499,127.4000,0.2998,1.2000
comp_0010,aparato_0010,38.5000,126.8000,38.3800,126.2000,38.6200,127.4000,0.2400,1.2000
comp_0011,aparato_0011,42.0000,126.8000,41.4925,126.2000,42.5075,127.4000,1.0149,1.2000
comp_0012,aparato_0012,45.5000,126.8000,44.2500,126.6409,46.7500,126.9591,2.5000,0.3182
comp_0013,aparato_0013,49.0000,126.8000,47.7500,126.5032,50.2500,127.0968,2.5000,0.5936
comp_0014,aparato_0014,52.5000,126.8000,52.2517,126.2000,52.7483,127.4000,0.4966,1.2000
comp_0015,aparato_0015,56.0000,126.8000,54.7500,126.4577,57.2500,127.1423,2.5000,0.6847
comp_0016,aparato_0016,59.5000,126.8000,58.5500,126.2000,60.4500,127.4000,1.9000,1.2000
comp_0017,aparato_0017,63.0000,126.8000,62.8501,126.2000,63.1499,127.4000,0.2999,1.2000
comp_0018,aparato_0018,66.5000,126.8000,66.1361,126.2000,66.8639,127.4000,0.7278,1.2000
comp_0019,aparato_0019,70.0000,126.8000,69.8000,126.2000,70.2000,127.4000,0.4000,1.2000
comp_0020,aparato_0020,73.5000,126.8000,73.3286,126.2000,73.6714,127.4000,0.3429,1.2000
comp_0021,aparato_0021,77.0000,126.8000,75.7500,126.5247,78.2500,127.0753,2.5000,0.5506
comp_0022,aparato_0022,80.5000,126.8000,79.2500,126.5649,81.7500,127.0351,2.5000,0.4702
comp_0023,aparato_0023,84.0000,126.8000,83.8080,126.2000,84.1920,127.4000,0.3840,1.2000
comp_0024,aparato_0024,87.5000,126.8000,87.3485,126.2000,87.6515,127.4000,0.3029,1.2000
comp_0025,aparato_0025,91.0000,126.8000,90.7000,126.2000,91.3000,127.4000,0.6000,1.2000
comp_0026,aparato_0026,7.0000,121.8000,6.3000,121.2000,7.7000,122.4000,1.4000,1.2000
comp_0027,aparato_0027,10.5000,121.8000,10.3182,121.2000,10.6818,122.4000,0.3636,1.2000
comp_0028,aparato_0028,14.0000,121.8000,13.2000,121.2000,14.8000,122.4000,1.6000,1.2000
comp_0029,aparato_0029,17.5000,121.8000,16.2500,121.2542,18.7500,122.3458,2.5000,1.0917
comp_0030,aparato_0030,21.0000,121.8000,20.1600,121.2000,21.8400,122.4000,1.6800,1.2000
comp_0031,aparato_0031,24.5000,121.8000,24.1250,121.2000,24.8750,122.4000,0.7500,1.2000
comp_0032,aparato_0032,28.0000,121.8000,27.7517,121.2000,28.2483,122.4000,0.4966,1.2000
comp_0033,aparato_0033,31.5000,121.8000,31.3065,121.2000,31.6935,122.4000,0.3871,1.2000
comp_0034,aparato_0034,35.0000,121.8000,33.7500,121.2643,36.2500,122.3357,2.5000,1.0714
comp_0035,aparato_0035,38.5000,121.8000,38.0875,121.2000,38.9125,122.4000,0.8250,1.2000
comp_0036,aparato_0036,42.0000,121.8000,41.6250,121.2000,42.3750,122.4000,0.7500,1.2000
comp_0037,aparato_0037,45.5000,121.8000,45.1000,121.2000,45.9000,122.4000,0.8000,1.2000
comp_0038,aparato_0038,49.0000,121.8000,47.7500,121.5083,50.2500,122.0917,2.5000,0.5833
comp_0039,aparato_0039,52.5000,121.8000,51.9000,121.2000,53.1000,122.4000,1.2000,1.2000
comp_0040,aparato_0040,56.0000,121.8000,55.8200,121.2000,56.1800,122.4000,0.3600,1.2000
comp_0041,aparato_0041,59.5000,121.8000,58.9000,121.2000,60.1000,122.4000,1.2000,1.2000
comp_0042,aparato_0042,63.0000,121.8000,62.6000,121.2000,63.4000,122.4000,0.8000,1.2000
comp_0043,aparato_0043,66.5000,121.8000,65.3000,121.2000,67.7000,122.4000,2.4000,1.2000
comp_0044,aparato_0044,70.0000,121.8000,69.8209,121.2000,70.1791,122.4000,0.3582,1.2000
comp_0045,aparato_0045,73.5000,121.8000,72.9900,121.2000,74.0100,122.4000,1.0200,1.2000
comp_0046,aparato_0046,77.0000,121.8000,76.5500,121.2000,77.4500,122.4000,0.9000,1.2000
comp_0047,aparato_0047,80.5000,121.8000,79.7667,121.2000,81.2333,122.4000,1.4667,1.2000
comp_0048,aparato_0048,84.0000,121.8000,83.7273,121.2000,84.2727,122.4000,0.5455,1.2000
comp_0049,aparato_0049,87.5000,121.8000,86.2500,121.5000,88.7500,122.1000,2.5000,0.6000
comp_0050,aparato_0050,91.0000,121.8000,90.8182,121.2000,91.1818,122.4000,0.3636,1.2000
comp_0051,aparato_0051,7.0000,116.8000,6.8000,116.2000,7.2000,117.4000,0.4000,1.2000
comp_0052,aparato_0052,10.5000,116.8000,9.2500,116.5948,11.7500,117.0052,2.5000,0.4103
comp_0053,aparato_0053,14.0000,116.8000,13.8966,116.2000,14.1034,117.4000,0.2069,1.2000
comp_0054,aparato_0054,17.5000,116.8000,17.0200,116.2000,17.9800,117.4000,0.9600,1.2000
comp_0055,aparato_0055,21.0000,116.8000,20.8159,116.2000,21.1841,117.4000,0.3683,1.2000
comp_0056,aparato_0056,24.5000,116.8000,24.2880,116.2000,24.7120,117.4000,0.4241,1.2000
comp_0057,aparato_0057,28.0000,116.8000,27.4968,116.2000,28.5032,117.4000,1.0065,1.2000
comp_0058,aparato_0058,31.5000,116.8000,30.2500,116.3625,32.7500,117.2375,2.5000,0.8750
comp_0059,aparato_0059,35.0000,116.8000,34.7000,116.2000,35.3000,117.4000,0.6000,1.2000
comp_0060,aparato_0060,38.5000,116.8000,37.7000,116.2000,39.3000,117.4000,1.6000,1.2000
comp_0061,aparato_0061,42.0000,116.8000,41.8400,116.2000,42.1600,117.4000,0.3200,1.2000
comp_0062,aparato_0062,45.5000,116.8000,45.3000,116.2000,45.7000,117.4000,0.4000,1.2000
comp_0063,aparato_0063,49.0000,116.8000,48.2800,116.2000,49.7200,117.4000,1.4400,1.2000
comp_0064,aparato_0064,52.5000,116.8000,51.2500,116.3833,53.7500,117.2167,2.5000,0.8333
comp_0065,aparato_0065,56.0000,116.8000,54.7500,116.3000,57.2500,117.3000,2.5000,1.0000
comp_0066,aparato_0066,59.5000,116.8000,58.2500,116.5032,60.7500,117.0968,2.5000,0.5936
comp_0067,aparato_0067,63.0000,116.8000,62.1692,116.2000,63.8308,117.4000,1.6615,1.2000
comp_0068,aparato_0068,66.5000,116.8000,65.9000,116.2000,67.1000,117.4000,1.2000,1.2000
comp_0069,aparato_0069,70.0000,116.8000,69.5500,116.2000,70.4500,117.4000,0.9000,1.2000
comp_0070,aparato_0070,73.5000,116.8000,72.6000,116.2000,74.4000,117.4000,1.8000,1.2000
comp_0071,aparato_0071,77.0000,116.8000,76.8966,116.2000,77.1034,117.4000,0.2069,1.2000
comp_0072,aparato_0072,80.5000,116.8000,79.2500,116.7000,81.7500,116.9000,2.5000,0.2000
comp_0073,aparato_0073,84.0000,116.8000,82.7500,116.6113,85.2500,116.9887,2.5000,0.3774
comp_0074,aparato_0074,87.5000,116.8000,86.2500,116.6399,88.7500,116.9601,2.5000,0.3203
comp_0075,aparato_0075,91.0000,116.8000,90.9202,116.2000,91.0798,117.4000,0.1596,1.2000
comp_0076,aparato_0076,7.0000,111.8000,6.5273,111.2000,7.4727,112.4000,0.9455,1.2000
comp_0077,aparato_0077,10.5000,111.8000,10.1000,111.2000,10.9000,112.4000,0.8000,1.2000
comp_0078,aparato_0078,14.0000,111.8000,13.5500,111.2000,14.4500,112.4000,0.9000,1.2000
comp_0079,aparato_0079,17.5000,111.8000,16.9000,111.2000,18.1000,112.4000,1.2000,1.2000
comp_0080,aparato_0080,21.0000,111.8000,19.7500,111.2167,22.2500,112.3833,2.5000,1.1667
comp_0081,aparato_0081,24.5000,111.8000,24.4202,111.2000,24.5798,112.4000,0.1596,1.2000
comp_0082,aparato_0082,28.0000,111.8000,27.5765,111.2000,28.4235,112.4000,0.8471,1.2000
comp_0083,aparato_0083,31.5000,111.8000,30.2500,111.6214,32.7500,111.9786,2.5000,0.3571
comp_0084,aparato_0084,35.0000,111.8000,33.7500,111.6762,36.2500,111.9238,2.5000,0.2475
comp_0085,aparato_0085,38.5000,111.8000,37.2500,111.2583,39.7500,112.3417,2.5000,1.0833
comp_0086,aparato_0086,42.0000,111.8000,41.8400,111.2000,42.1600,112.4000,0.3200,1.2000
comp_0087,aparato_0087,45.5000,111.8000,45.2250,111.2000,45.7750,112.4000,0.5500,1.2000
comp_0088,aparato_0088,49.0000,111.8000,47.7500,111.3930,50.2500,112.2070,2.5000,0.8140
comp_0089,aparato_0089,52.5000,111.8000,51.6818,111.2000,53.3182,112.4000,1.6364,1.2000
comp_0090,aparato_0090,56.0000,111.8000,55.5765,111.2000,56.4235,112.4000,0.8471,1.2000
comp_0091,aparato_0091,59.5000,111.8000,59.0500,111.2000,59.9500,112.4000,0.9000,1.2000
comp_0092,aparato_0092,63.0000,111.8000,62.4000,111.2000,63.6000,112.4000,1.2000,1.2000
comp_0093,aparato_0093,66.5000,111.8000,65.2940,111.2000,67.7060,112.4000,2.4121,1.2000
comp_0094,aparato_0094,70.0000,111.8000,68.7500,111.5032,71.2500,112.0968,2.5000,0.5936
comp_0095,aparato_0095,73.5000,111.8000,73.1620,111.2000,73.8380,112.4000,0.6761,1.2000
comp_0096,aparato_0096,77.0000,111.8000,76.5714,111.2000,77.4286,112.4000,0.8571,1.2000
comp_0097,aparato_0097,80.5000,111.8000,80.0143,111.2000,80.9857,112.4000,0.9714,1.2000
comp_0098,aparato_0098,84.0000,111.8000,83.3550,111.2000,84.6450,112.4000,1.2900,1.2000
comp_0099,aparato_0099,87.5000,111.8000,86.2500,111.6775,88.7500,111.9225,2.5000,0.2451
comp_0100,aparato_0100,91.0000,111.8000,90.6550,111.2000,91.3450,112.4000,0.6900,1.2000
comp_0101,aparato_0101,7.0000,106.8000,6.8974,106.2000,7.1026,107.4000,0.2051,1.2000
comp_0102,aparato_0102,10.5000,106.8000,9.8143,106.2000,11.1857,107.4000,1.3714,1.2000
comp_0103,aparato_0103,14.0000,106.8000,13.7537,106.2000,14.2463,107.4000,0.4926,1.2000
comp_0104,aparato_0104,17.5000,106.8000,17.2937,106.2000,17.7063,107.4000,0.4125,1.2000
comp_0105,aparato_0105,21.0000,106.8000,19.7500,106.4875,22.2500,107.1125,2.5000,0.6250
comp_0106,aparato_0106,24.5000,106.8000,24.0909,106.2000,24.9091,107.4000,0.8182,1.2000
comp_0107,aparato_0107,28.0000,106.8000,27.7517,106.2000,28.2483,107.4000,0.4966,1.2000
comp_0108,aparato_0108,31.5000,106.8000,31.1000,106.2000,31.9000,107.4000,0.8000,1.2000
comp_0109,aparato_0109,35.0000,106.8000,34.6160,106.2000,35.3840,107.4000,0.7680,1.2000
comp_0110,aparato_0110,38.5000,106.8000,38.1400,106.2000,38.8600,107.4000,0.7200,1.2000
comp_0111,aparato_0111,42.0000,106.8000,41.5412,106.2000,42.4588,107.4000,0.9176,1.2000
comp_0112,aparato_0112,45.5000,106.8000,44.9000,106.2000,46.1000,107.4000,1.2000,1.2000
comp_0113,aparato_0113,49.0000,106.8000,48.6000,106.2000,49.4000,107.4000,0.8000,1.2000
comp_0114,aparato_0114,52.5000,106.8000,52.1000,106.2000,52.9000,107.4000,0.8000,1.2000
comp_0115,aparato_0115,56.0000,106.8000,55.4267,106.2000,56.5733,107.4000,1.1467,1.2000
comp_0116,aparato_0116,59.5000,106.8000,59.3950,106.2000,59.6050,107.4000,0.2100,1.2000
comp_0117,aparato_0117,63.0000,106.8000,61.7700,106.2000,64.2300,107.4000,2.4600,1.2000
comp_0118,aparato_0118,66.5000,106.8000,66.0950,106.2000,66.9050,107.4000,0.8100,1.2000
comp_0119,aparato_0119,70.0000,106.8000,69.3400,106.2000,70.6600,107.4000,1.3200,1.2000
comp_0120,aparato_0120,73.5000,106.8000,72.6597,106.2000,74.3403,107.4000,1.6805,1.2000
comp_0121,aparato_0121,77.0000,106.8000,76.4000,106.2000,77.6000,107.4000,1.2000,1.2000
comp_0122,aparato_0122,80.5000,106.8000,80.3400,106.2000,80.6600,107.4000,0.3200,1.2000
comp_0123,aparato_0123,84.0000,106.8000,82.7500,106.4528,85.2500,107.1472,2.5000,0.6944
comp_0124,aparato_0124,87.5000,106.8000,86.9000,106.2000,88.1000,107.4000,1.2000,1.2000
comp_0125,aparato_0125,91.0000,106.8000,90.0667,106.2000,91.9333,107.4000,1.8667,1.2000
comp_0126,aparato_0126,7.0000,101.8000,5.7500,101.3312,8.2500,102.2687,2.5000,0.9375
comp_0127,aparato_0127,10.5000,101.8000,10.0263,101.2000,10.9737,102.4000,0.9474,1.2000
comp_0128,aparato_0128,14.0000,101.8000,13.4450,101.2000,14.5550,102.4000,1.1100,1.2000
comp_0129,aparato_0129,17.5000,101.8000,16.7000,101.2000,18.3000,102.4000,1.6000,1.2000
comp_0130,aparato_0130,21.0000,101.8000,20.2000,101.2000,21.8000,102.4000,1.6000,1.2000
comp_0131,aparato_0131,24.5000,101.8000,23.9783,101.2000,25.0217,102.4000,1.0435,1.2000
comp_0132,aparato_0132,28.0000,101.8000,27.4000,101.2000,28.6000,102.4000,1.2000,1.2000
comp_0133,aparato_0133,31.5000,101.8000,31.1000,101.2000,31.9000,102.4000,0.8000,1.2000
comp_0134,aparato_0134,35.0000,101.8000,34.4000,101.2000,35.6000,102.4000,1.2000,1.2000
comp_0135,aparato_0135,38.5000,101.8000,38.2545,101.2000,38.7455,102.4000,0.4909,1.2000
comp_0136,aparato_0136,42.0000,101.8000,41.5200,101.2000,42.4800,102.4000,0.9600,1.2000
comp_0137,aparato_0137,45.5000,101.8000,45.3501,101.2000,45.6499,102.4000,0.2998,1.2000
comp_0138,aparato_0138,49.0000,101.8000,48.1000,101.2000,49.9000,102.4000,1.8000,1.2000
comp_0139,aparato_0139,52.5000,101.8000,51.9450,101.2000,53.0550,102.4000,1.1100,1.2000
comp_0140,aparato_0140,56.0000,101.8000,54.7500,101.6333,57.2500,101.9667,2.5000,0.3333
comp_0141,aparato_0141,59.5000,101.8000,58.9000,101.2000,60.1000,102.4000,1.2000,1.2000
comp_0142,aparato_0142,63.0000,101.8000,62.1000,101.2000,63.9000,102.4000,1.8000,1.2000
comp_0143,aparato_0143,66.5000,101.8000,65.9000,101.2000,67.1000,102.4000,1.2000,1.2000
comp_0144,aparato_0144,70.0000,101.8000,68.7500,101.6851,71.2500,101.9149,2.5000,0.2299
comp_0145,aparato_0145,73.5000,101.8000,72.2500,101.7077,74.7500,101.8923,2.5000,0.1847
comp_0146,aparato_0146,77.0000,101.8000,75.7500,101.4875,78.2500,102.1125,2.5000,0.6250
comp_0147,aparato_0147,80.5000,101.8000,80.1250,101.2000,80.8750,102.4000,0.7500,1.2000
comp_0148,aparato_0148,84.0000,101.8000,83.4000,101.2000,84.6000,102.4000,1.2000,1.2000
comp_0149,aparato_0149,87.5000,101.8000,86.8775,101.2000,88.1225,102.4000,1.2450,1.2000
comp_0150,aparato_0150,91.0000,101.8000,89.7500,101.6214,92.2500,101.9786,2.5000,0.3571
comp_0151,aparato_0151,7.0000,96.8000,6.8800,96.2000,7.1200,97.4000,0.2400,1.2000
comp_0152,aparato_0152,10.5000,96.8000,10.0714,96.2000,10.9286,97.4000,0.8571,1.2000
comp_0153,aparato_0153,14.0000,96.8000,13.0667,96.2000,14.9333,97.4000,1.8667,1.2000
comp_0154,aparato_0154,17.5000,96.8000,17.2517,96.2000,17.7483,97.4000,0.4966,1.2000
comp_0155,aparato_0155,21.0000,96.8000,19.7500,96.6780,22.2500,96.9220,2.5000,0.2439
comp_0156,aparato_0156,24.5000,96.8000,23.2500,96.6683,25.7500,96.9317,2.5000,0.2634
comp_0069,aparato_0069,28.0000,96.8000,27.5500,96.2000,28.4500,97.4000,0.9000,1.2000
comp_0070,aparato_0070,31.5000,96.8000,30.6000,96.2000,32.4000,97.4000,1.8000,1.2000
comp_0071,aparato_0071,35.0000,96.8000,34.8966,96.2000,35.1034,97.4000,0.2069,1.2000
comp_0072,aparato_0072,38.5000,96.8000,37.2500,96.7000,39.7500,96.9000,2.5000,0.2000
comp_0073,aparato_0073,42.0000,96.8000,40.7500,96.6113,43.2500,96.9887,2.5000,0.3774
comp_0074,aparato_0074,45.5000,96.8000,44.2500,96.6399,46.7500,96.9601,2.5000,0.3203
comp_0075,aparato_0075,49.0000,96.8000,48.9202,96.2000,49.0798,97.4000,0.1596,1.2000
comp_0076,aparato_0076,52.5000,96.8000,52.0273,96.2000,52.9727,97.4000,0.9455,1.2000
comp_0077,aparato_0077,56.0000,96.8000,55.6000,96.2000,56.4000,97.4000,0.8000,1.2000
comp_0078,aparato_0078,59.5000,96.8000,59.0500,96.2000,59.9500,97.4000,0.9000,1.2000
comp_0079,aparato_0079,63.0000,96.8000,62.4000,96.2000,63.6000,97.4000,1.2000,1.2000
comp_0080,aparato_0080,66.5000,96.8000,65.2500,96.2167,67.7500,97.3833,2.5000,1.1667
comp_0081,aparato_0081,70.0000,96.8000,69.9202,96.2000,70.0798,97.4000,0.1596,1.2000
comp_0082,aparato_0082,73.5000,96.8000,73.0765,96.2000,73.9235,97.4000,0.8471,1.2000
comp_0083,aparato_0083,77.0000,96.8000,75.7500,96.6214,78.2500,96.9786,2.5000,0.3571
comp_0084,aparato_0084,80.5000,96.8000,79.2500,96.6762,81.7500,96.9238,2.5000,0.2475
comp_0085,aparato_0085,84.0000,96.8000,82.7500,96.2583,85.2500,97.3417,2.5000,1.0833
comp_0086,aparato_0086,87.5000,96.8000,87.3400,96.2000,87.6600,97.4000,0.3200,1.2000
comp_0087,aparato_0087,91.0000,96.8000,90.7250,96.2000,91.2750,97.4000,0.5500,1.2000
comp_0176,aparato_0176,7.0000,91.8000,5.7500,91.5032,8.2500,92.0968,2.5000,0.5936
comp_0177,aparato_0177,10.5000,91.8000,9.6000,91.2000,11.4000,92.4000,1.8000,1.2000
comp_0178,aparato_0178,14.0000,91.8000,12.7500,91.5434,15.2500,92.0566,2.5000,0.5133
comp_0179,aparato_0179,17.5000,91.8000,17.3900,91.2000,17.6100,92.4000,0.2200,1.2000
comp_0180,aparato_0180,21.0000,91.8000,19.7500,91.6955,22.2500,91.9045,2.5000,0.2090
comp_0181,aparato_0181,24.5000,91.8000,23.3000,91.2000,25.7000,92.4000,2.4000,1.2000
comp_0182,aparato_0182,28.0000,91.8000,26.7500,91.6052,29.2500,91.9948,2.5000,0.3896
comp_0183,aparato_0183,31.5000,91.8000,30.2500,91.5384,32.7500,92.0616,2.5000,0.5233
comp_0184,aparato_0184,35.0000,91.8000,33.7500,91.3312,36.2500,92.2687,2.5000,0.9375
comp_0185,aparato_0185,38.5000,91.8000,38.2450,91.2000,38.7550,92.4000,0.5100,1.2000
comp_0186,aparato_0186,42.0000,91.8000,40.7500,91.3468,43.2500,92.2532,2.5000,0.9064
comp_0187,aparato_0187,45.5000,91.8000,45.3750,91.2000,45.6250,92.4000,0.2500,1.2000
comp_0188,aparato_0188,49.0000,91.8000,47.7500,91.5418,50.2500,92.0582,2.5000,0.5164
comp_0189,aparato_0189,52.5000,91.8000,51.2500,91.5942,53.7500,92.0058,2.5000,0.4116
comp_0190,aparato_0190,56.0000,91.8000,55.5200,91.2000,56.4800,92.4000,0.9600,1.2000
comp_0191,aparato_0191,59.5000,91.8000,58.9000,91.2000,60.1000,92.4000,1.2000,1.2000
comp_0192,aparato_0192,63.0000,91.8000,61.7500,91.4709,64.2500,92.1291,2.5000,0.6582
comp_0193,aparato_0193,66.5000,91.8000,66.2000,91.2000,66.8000,92.4000,0.6000,1.2000
comp_0194,aparato_0194,70.0000,91.8000,69.6250,91.2000,70.3750,92.4000,0.7500,1.2000
comp_0195,aparato_0195,73.5000,91.8000,72.3259,91.2000,74.6741,92.4000,2.3481,1.2000
comp_0196,aparato_0196,77.0000,91.8000,76.5519,91.2000,77.4481,92.4000,0.8963,1.2000
comp_0084,aparato_0084,80.5000,91.8000,79.2500,91.6762,81.7500,91.9238,2.5000,0.2475
comp_0085,aparato_0085,84.0000,91.8000,82.7500,91.2583,85.2500,92.3417,2.5000,1.0833
comp_0086,aparato_0086,87.5000,91.8000,87.3400,91.2000,87.6600,92.4000,0.3200,1.2000
comp_0087,aparato_0087,91.0000,91.8000,90.7250,91.2000,91.2750,92.4000,0.5500,1.2000
comp_0201,aparato_0201,7.0000,86.8000,5.7500,86.6256,8.2500,86.9744,2.5000,0.3488
comp_0202,aparato_0202,10.5000,86.8000,9.3000,86.2000,11.7000,87.4000,2.4000,1.2000
comp_0203,aparato_0203,14.0000,86.8000,13.1000,86.2000,14.9000,87.4000,1.8000,1.2000
comp_0204,aparato_0204,17.5000,86.8000,16.2500,86.6449,18.7500,86.9551,2.5000,0.3101
comp_0205,aparato_0205,21.0000,86.8000,20.4000,86.2000,21.6000,87.4000,1.2000,1.2000
comp_0206,aparato_0206,24.5000,86.8000,24.1000,86.2000,24.9000,87.4000,0.8000,1.2000
comp_0207,aparato_0207,28.0000,86.8000,26.7500,86.6399,29.2500,86.9601,2.5000,0.3203
comp_0208,aparato_0208,31.5000,86.8000,31.3577,86.2000,31.6423,87.4000,0.2846,1.2000
comp_0209,aparato_0209,35.0000,86.8000,34.4857,86.2000,35.5143,87.4000,1.0286,1.2000
comp_0210,aparato_0210,38.5000,86.8000,37.2500,86.6228,39.7500,86.9772,2.5000,0.3545
comp_0211,aparato_0211,42.0000,86.8000,41.7600,86.2000,42.2400,87.4000,0.4800,1.2000
comp_0212,aparato_0212,45.5000,86.8000,44.9000,86.2000,46.1000,87.4000,1.2000,1.2000
comp_0213,aparato_0213,49.0000,86.8000,48.4000,86.2000,49.6000,87.4000,1.2000,1.2000
comp_0214,aparato_0214,52.5000,86.8000,51.8048,86.2000,53.1952,87.4000,1.3904,1.2000
comp_0215,aparato_0215,56.0000,86.8000,54.7500,86.4032,57.2500,87.1968,2.5000,0.7937
comp_0216,aparato_0216,59.5000,86.8000,58.2500,86.5048,60.7500,87.0952,2.5000,0.5904
comp_0217,aparato_0217,63.0000,86.8000,62.7517,86.2000,63.2483,87.4000,0.4966,1.2000
comp_0218,aparato_0218,66.5000,86.8000,66.0765,86.2000,66.9235,87.4000,0.8471,1.2000
comp_0219,aparato_0219,70.0000,86.8000,68.7500,86.5794,71.2500,87.0206,2.5000,0.4412
comp_0220,aparato_0220,73.5000,86.8000,73.3500,86.2000,73.6500,87.4000,0.3000,1.2000
comp_0221,aparato_0221,77.0000,86.8000,75.7500,86.5822,78.2500,87.0178,2.5000,0.4356
comp_0222,aparato_0222,80.5000,86.8000,80.1000,86.2000,80.9000,87.4000,0.8000,1.2000
comp_0223,aparato_0223,84.0000,86.8000,82.7500,86.6719,85.2500,86.9281,2.5000,0.2563
comp_0224,aparato_0224,87.5000,86.8000,86.9000,86.2000,88.1000,87.4000,1.2000,1.2000
comp_0225,aparato_0225,91.0000,86.8000,89.8000,86.2000,92.2000,87.4000,2.4000,1.2000
comp_0226,aparato_0226,7.0000,81.8000,6.7974,81.2000,7.2026,82.4000,0.4051,1.2000
comp_0227,aparato_0227,10.5000,81.8000,10.2778,81.2000,10.7222,82.4000,0.4444,1.2000
comp_0228,aparato_0228,14.0000,81.8000,13.8258,81.2000,14.1742,82.4000,0.3484,1.2000
comp_0229,aparato_0229,17.5000,81.8000,16.9000,81.2000,18.1000,82.4000,1.2000,1.2000
comp_0230,aparato_0230,21.0000,81.8000,20.6000,81.2000,21.4000,82.4000,0.8000,1.2000
comp_0231,aparato_0231,24.5000,81.8000,23.2500,81.5418,25.7500,82.0582,2.5000,0.5164
comp_0232,aparato_0232,28.0000,81.8000,27.7429,81.2000,28.2571,82.4000,0.5143,1.2000
comp_0233,aparato_0233,31.5000,81.8000,30.9000,81.2000,32.1000,82.4000,1.2000,1.2000
comp_0234,aparato_0234,35.0000,81.8000,34.6213,81.2000,35.3787,82.4000,0.7575,1.2000
comp_0235,aparato_0235,38.5000,81.8000,38.1958,81.2000,38.8042,82.4000,0.6085,1.2000
comp_0236,aparato_0236,42.0000,81.8000,41.4000,81.2000,42.6000,82.4000,1.2000,1.2000
comp_0237,aparato_0237,45.5000,81.8000,44.2500,81.6437,46.7500,81.9562,2.5000,0.3125
comp_0238,aparato_0238,49.0000,81.8000,48.6550,81.2000,49.3450,82.4000,0.6900,1.2000
comp_0239,aparato_0239,52.5000,81.8000,52.1147,81.2000,52.8853,82.4000,0.7705,1.2000
comp_0240,aparato_0240,56.0000,81.8000,55.6250,81.2000,56.3750,82.4000,0.7500,1.2000
comp_0241,aparato_0241,59.5000,81.8000,58.2500,81.3833,60.7500,82.2167,2.5000,0.8333
comp_0242,aparato_0242,63.0000,81.8000,61.7500,81.3833,64.2500,82.2167,2.5000,0.8333
comp_0243,aparato_0243,66.5000,81.8000,66.1000,81.2000,66.9000,82.4000,0.8000,1.2000
comp_0244,aparato_0244,70.0000,81.8000,68.7500,81.6201,71.2500,81.9799,2.5000,0.3598
comp_0245,aparato_0245,73.5000,81.8000,72.4500,81.2000,74.5500,82.4000,2.1000,1.2000
comp_0246,aparato_0246,77.0000,81.8000,76.7974,81.2000,77.2026,82.4000,0.4051,1.2000
comp_0247,aparato_0247,80.5000,81.8000,80.2825,81.2000,80.7175,82.4000,0.4350,1.2000
comp_0248,aparato_0248,84.0000,81.8000,83.7517,81.2000,84.2483,82.4000,0.4966,1.2000
comp_0249,aparato_0249,87.5000,81.8000,86.4550,81.2000,88.5450,82.4000,2.0900,1.2000
comp_0250,aparato_0250,91.0000,81.8000,89.8000,81.2000,92.2000,82.4000,2.4000,1.2000
comp_0251,aparato_0251,7.0000,76.8000,6.5500,76.2000,7.4500,77.4000,0.9000,1.2000
comp_0252,aparato_0252,10.5000,76.8000,10.1000,76.2000,10.9000,77.4000,0.8000,1.2000
comp_0253,aparato_0253,14.0000,76.8000,13.5532,76.2000,14.4468,77.4000,0.8936,1.2000
comp_0254,aparato_0254,17.5000,76.8000,17.2000,76.2000,17.8000,77.4000,0.6000,1.2000
comp_0255,aparato_0255,21.0000,76.8000,20.3250,76.2000,21.6750,77.4000,1.3500,1.2000
comp_0256,aparato_0256,24.5000,76.8000,23.2500,76.4328,25.7500,77.1672,2.5000,0.7344
comp_0257,aparato_0257,28.0000,76.8000,26.7500,76.5923,29.2500,77.0077,2.5000,0.4154
comp_0258,aparato_0258,31.5000,76.8000,31.0200,76.2000,31.9800,77.4000,0.9600,1.2000
comp_0259,aparato_0259,35.0000,76.8000,33.7500,76.2260,36.2500,77.3740,2.5000,1.1480
comp_0260,aparato_0260,38.5000,76.8000,37.2500,76.6925,39.7500,76.9075,2.5000,0.2151
comp_0261,aparato_0261,42.0000,76.8000,40.7500,76.2812,43.2500,77.3187,2.5000,1.0375
comp_0262,aparato_0262,45.5000,76.8000,44.2500,76.4154,46.7500,77.1846,2.5000,0.7692
comp_0263,aparato_0263,49.0000,76.8000,48.1611,76.2000,49.8389,77.4000,1.6777,1.2000
comp_0264,aparato_0264,52.5000,76.8000,52.0714,76.2000,52.9286,77.4000,0.8571,1.2000
comp_0265,aparato_0265,56.0000,76.8000,55.6000,76.2000,56.4000,77.4000,0.8000,1.2000
comp_0266,aparato_0266,59.5000,76.8000,58.2500,76.6605,60.7500,76.9395,2.5000,0.2789
comp_0267,aparato_0267,63.0000,76.8000,61.7500,76.5128,64.2500,77.0872,2.5000,0.5743
comp_0268,aparato_0268,66.5000,76.8000,66.1147,76.2000,66.8853,77.4000,0.7705,1.2000
comp_0269,aparato_0269,70.0000,76.8000,69.7469,76.2000,70.2531,77.4000,0.5061,1.2000
comp_0270,aparato_0270,73.5000,76.8000,72.2500,76.5361,74.7500,77.0639,2.5000,0.5278
comp_0271,aparato_0271,77.0000,76.8000,76.5988,76.2000,77.4012,77.4000,0.8025,1.2000
comp_0272,aparato_0272,80.5000,76.8000,79.9000,76.2000,81.1000,77.4000,1.2000,1.2000
comp_0273,aparato_0273,84.0000,76.8000,83.2275,76.2000,84.7725,77.4000,1.5450,1.2000
comp_0274,aparato_0274,87.5000,76.8000,87.3080,76.2000,87.6920,77.4000,0.3840,1.2000
comp_0275,aparato_0275,91.0000,76.8000,90.7073,76.2000,91.2927,77.4000,0.5854,1.2000
comp_0276,aparato_0276,7.0000,71.8000,5.7500,71.4250,8.2500,72.1750,2.5000,0.7500
comp_0277,aparato_0277,10.5000,71.8000,9.9000,71.2000,11.1000,72.4000,1.2000,1.2000
comp_0278,aparato_0278,14.0000,71.8000,12.7500,71.6680,15.2500,71.9320,2.5000,0.2640
comp_0279,aparato_0279,17.5000,71.8000,16.2500,71.2886,18.7500,72.3114,2.5000,1.0227
comp_0280,aparato_0280,21.0000,71.8000,20.4000,71.2000,21.6000,72.4000,1.2000,1.2000
comp_0281,aparato_0281,24.5000,71.8000,24.3490,71.2000,24.6510,72.4000,0.3020,1.2000
comp_0282,aparato_0282,28.0000,71.8000,27.5091,71.2000,28.4909,72.4000,0.9818,1.2000
comp_0283,aparato_0283,31.5000,71.8000,31.3950,71.2000,31.6050,72.4000,0.2100,1.2000
comp_0284,aparato_0284,35.0000,71.8000,33.7500,71.4032,36.2500,72.1968,2.5000,0.7937
comp_0285,aparato_0285,38.5000,71.8000,37.4950,71.2000,39.5050,72.4000,2.0100,1.2000
comp_0286,aparato_0286,42.0000,71.8000,40.7500,71.3588,43.2500,72.2412,2.5000,0.8824
comp_0287,aparato_0287,45.5000,71.8000,44.9000,71.2000,46.1000,72.4000,1.2000,1.2000
comp_0288,aparato_0288,49.0000,71.8000,48.9300,71.2000,49.0700,72.4000,0.1400,1.2000
comp_0289,aparato_0289,52.5000,71.8000,52.0560,71.2000,52.9440,72.4000,0.8880,1.2000
comp_0290,aparato_0290,56.0000,71.8000,54.7500,71.7114,57.2500,71.8886,2.5000,0.1772
comp_0291,aparato_0291,59.5000,71.8000,58.2500,71.6698,60.7500,71.9302,2.5000,0.2604
comp_0292,aparato_0292,63.0000,71.8000,62.2258,71.2000,63.7742,72.4000,1.5484,1.2000
comp_0293,aparato_0293,66.5000,71.8000,65.7661,71.2000,67.2339,72.4000,1.4677,1.2000
comp_0294,aparato_0294,70.0000,71.8000,68.7500,71.3614,71.2500,72.2386,2.5000,0.8772
comp_0295,aparato_0295,73.5000,71.8000,72.2500,71.5414,74.7500,72.0586,2.5000,0.5172
comp_0296,aparato_0296,77.0000,71.8000,75.7500,71.6409,78.2500,71.9591,2.5000,0.3182
comp_0297,aparato_0297,80.5000,71.8000,80.4250,71.2000,80.5750,72.4000,0.1500,1.2000
comp_0298,aparato_0298,84.0000,71.8000,82.7500,71.7390,85.2500,71.8610,2.5000,0.1220
comp_0299,aparato_0299,87.5000,71.8000,86.9000,71.2000,88.1000,72.4000,1.2000,1.2000
comp_0300,aparato_0300,91.0000,71.8000,89.7500,71.6680,92.2500,71.9320,2.5000,0.2640
comp_0301,aparato_0301,7.0000,66.8000,6.4900,66.2000,7.5100,67.4000,1.0200,1.2000
comp_0302,aparato_0302,10.5000,66.8000,9.6000,66.2000,11.4000,67.4000,1.8000,1.2000
comp_0303,aparato_0303,14.0000,66.8000,13.6000,66.2000,14.4000,67.4000,0.8000,1.2000
comp_0304,aparato_0304,17.5000,66.8000,16.5667,66.2000,18.4333,67.4000,1.8667,1.2000
comp_0305,aparato_0305,21.0000,66.8000,20.6237,66.2000,21.3763,67.4000,0.7527,1.2000
comp_0306,aparato_0306,24.5000,66.8000,24.0200,66.2000,24.9800,67.4000,0.9600,1.2000
comp_0307,aparato_0307,28.0000,66.8000,26.9500,66.2000,29.0500,67.4000,2.1000,1.2000
comp_0308,aparato_0308,31.5000,66.8000,30.2500,66.6605,32.7500,66.9395,2.5000,0.2789
comp_0309,aparato_0309,35.0000,66.8000,34.5714,66.2000,35.4286,67.4000,0.8571,1.2000
comp_0310,aparato_0310,38.5000,66.8000,37.9000,66.2000,39.1000,67.4000,1.2000,1.2000
comp_0311,aparato_0311,42.0000,66.8000,40.8075,66.2000,43.1925,67.4000,2.3850,1.2000
comp_0312,aparato_0312,45.5000,66.8000,44.9000,66.2000,46.1000,67.4000,1.2000,1.2000
comp_0313,aparato_0313,49.0000,66.8000,47.9500,66.2000,50.0500,67.4000,2.1000,1.2000
comp_0314,aparato_0314,52.5000,66.8000,51.9000,66.2000,53.1000,67.4000,1.2000,1.2000
comp_0315,aparato_0315,56.0000,66.8000,55.4450,66.2000,56.5550,67.4000,1.1100,1.2000
comp_0316,aparato_0316,59.5000,66.8000,58.2500,66.4121,60.7500,67.1879,2.5000,0.7759
comp_0317,aparato_0317,63.0000,66.8000,62.5200,66.2000,63.4800,67.4000,0.9600,1.2000
comp_0318,aparato_0318,66.5000,66.8000,65.3333,66.2000,67.6667,67.4000,2.3333,1.2000
comp_0319,aparato_0319,70.0000,66.8000,69.5629,66.2000,70.4371,67.4000,0.8743,1.2000
comp_0320,aparato_0320,73.5000,66.8000,72.6545,66.2000,74.3455,67.4000,1.6909,1.2000
comp_0321,aparato_0321,77.0000,66.8000,76.1000,66.2000,77.9000,67.4000,1.8000,1.2000
comp_0322,aparato_0322,80.5000,66.8000,79.6600,66.2000,81.3400,67.4000,1.6800,1.2000
comp_0323,aparato_0323,84.0000,66.8000,82.7500,66.4169,85.2500,67.1831,2.5000,0.7661
comp_0324,aparato_0324,87.5000,66.8000,86.2500,66.4250,88.7500,67.1750,2.5000,0.7500
comp_0325,aparato_0325,91.0000,66.8000,89.7500,66.4607,92.2500,67.1393,2.5000,0.6786
comp_0326,aparato_0326,7.0000,61.8000,5.9000,61.2000,8.1000,62.4000,2.2000,1.2000
comp_0327,aparato_0327,10.5000,61.8000,10.1000,61.2000,10.9000,62.4000,0.8000,1.2000
comp_0328,aparato_0328,14.0000,61.8000,12.8000,61.2000,15.2000,62.4000,2.4000,1.2000
comp_0329,aparato_0329,17.5000,61.8000,16.6000,61.2000,18.4000,62.4000,1.8000,1.2000
comp_0330,aparato_0330,21.0000,61.8000,20.5500,61.2000,21.4500,62.4000,0.9000,1.2000
comp_0331,aparato_0331,24.5000,61.8000,23.3000,61.2000,25.7000,62.4000,2.4000,1.2000
comp_0332,aparato_0332,28.0000,61.8000,26.8000,61.2000,29.2000,62.4000,2.4000,1.2000
comp_0333,aparato_0333,31.5000,61.8000,31.0765,61.2000,31.9235,62.4000,0.8471,1.2000
comp_0334,aparato_0334,35.0000,61.8000,34.7443,61.2000,35.2557,62.4000,0.5115,1.2000
comp_0335,aparato_0335,38.5000,61.8000,37.2500,61.2355,39.7500,62.3645,2.5000,1.1290
comp_0336,aparato_0336,42.0000,61.8000,41.6400,61.2000,42.3600,62.4000,0.7200,1.2000
comp_0337,aparato_0337,45.5000,61.8000,44.2500,61.3428,46.7500,62.2572,2.5000,0.9144
comp_0338,aparato_0338,49.0000,61.8000,48.7000,61.2000,49.3000,62.4000,0.6000,1.2000
comp_0339,aparato_0339,52.5000,61.8000,51.2500,61.5222,53.7500,62.0778,2.5000,0.5556
comp_0340,aparato_0340,56.0000,61.8000,55.7517,61.2000,56.2483,62.4000,0.4966,1.2000
comp_0341,aparato_0341,59.5000,61.8000,58.2500,61.6399,60.7500,61.9601,2.5000,0.3203
comp_0342,aparato_0342,63.0000,61.8000,61.7500,61.3833,64.2500,62.2167,2.5000,0.8333
comp_0343,aparato_0343,66.5000,61.8000,66.1000,61.2000,66.9000,62.4000,0.8000,1.2000
comp_0344,aparato_0344,70.0000,61.8000,68.7500,61.3833,71.2500,62.2167,2.5000,0.8333
comp_0345,aparato_0345,73.5000,61.8000,72.9000,61.2000,74.1000,62.4000,1.2000,1.2000
comp_0346,aparato_0346,77.0000,61.8000,76.7448,61.2000,77.2552,62.4000,0.5103,1.2000
comp_0347,aparato_0347,80.5000,61.8000,79.2500,61.5948,81.7500,62.0052,2.5000,0.4104
comp_0348,aparato_0348,84.0000,61.8000,83.7517,61.2000,84.2483,62.4000,0.4966,1.2000
comp_0349,aparato_0349,87.5000,61.8000,86.8333,61.2000,88.1667,62.4000,1.3333,1.2000
comp_0350,aparato_0350,91.0000,61.8000,90.8513,61.2000,91.1487,62.4000,0.2974,1.2000
comp_0351,aparato_0351,7.0000,56.8000,6.0041,56.2000,7.9959,57.4000,1.9917,1.2000
comp_0352,aparato_0352,10.5000,56.8000,9.9000,56.2000,11.1000,57.4000,1.2000,1.2000
comp_0353,aparato_0353,14.0000,56.8000,13.6400,56.2000,14.3600,57.4000,0.7200,1.2000
comp_0354,aparato_0354,17.5000,56.8000,16.4630,56.2000,18.5370,57.4000,2.0741,1.2000
comp_0355,aparato_0355,21.0000,56.8000,19.7500,56.2602,22.2500,57.3398,2.5000,1.0795
comp_0356,aparato_0356,24.5000,56.8000,23.2500,56.6644,25.7500,56.9356,2.5000,0.2712
comp_0357,aparato_0357,28.0000,56.8000,27.4000,56.2000,28.6000,57.4000,1.2000,1.2000
comp_0358,aparato_0358,31.5000,56.8000,31.3065,56.2000,31.6935,57.4000,0.3871,1.2000
comp_0359,aparato_0359,35.0000,56.8000,34.2614,56.2000,35.7386,57.4000,1.4772,1.2000
comp_0360,aparato_0360,38.5000,56.8000,37.2500,56.2346,39.7500,57.3654,2.5000,1.1307
comp_0361,aparato_0361,42.0000,56.8000,41.5200,56.2000,42.4800,57.4000,0.9600,1.2000
comp_0362,aparato_0362,45.5000,56.8000,45.3490,56.2000,45.6510,57.4000,0.3020,1.2000
comp_0363,aparato_0363,49.0000,56.8000,48.7500,56.2000,49.2500,57.4000,0.5000,1.2000
comp_0364,aparato_0364,52.5000,56.8000,52.1000,56.2000,52.9000,57.4000,0.8000,1.2000
comp_0365,aparato_0365,56.0000,56.8000,55.9172,56.2000,56.0828,57.4000,0.1655,1.2000
comp_0366,aparato_0366,59.5000,56.8000,59.0533,56.2000,59.9467,57.4000,0.8933,1.2000
comp_0367,aparato_0367,63.0000,56.8000,62.4000,56.2000,63.6000,57.4000,1.2000,1.2000
comp_0368,aparato_0368,66.5000,56.8000,65.2500,56.3833,67.7500,57.2167,2.5000,0.8333
comp_0369,aparato_0369,70.0000,56.8000,69.7517,56.2000,70.2483,57.4000,0.4966,1.2000
comp_0370,aparato_0370,73.5000,56.8000,72.9000,56.2000,74.1000,57.4000,1.2000,1.2000
comp_0371,aparato_0371,77.0000,56.8000,75.7500,56.4875,78.2500,57.1125,2.5000,0.6250
comp_0372,aparato_0372,80.5000,56.8000,80.0800,56.2000,80.9200,57.4000,0.8400,1.2000
comp_0373,aparato_0373,84.0000,56.8000,83.1000,56.2000,84.9000,57.4000,1.8000,1.2000
comp_0374,aparato_0374,87.5000,56.8000,87.1571,56.2000,87.8429,57.4000,0.6857,1.2000
comp_0375,aparato_0375,91.0000,56.8000,90.4632,56.2000,91.5368,57.4000,1.0737,1.2000
comp_0376,aparato_0376,7.0000,51.8000,5.7500,51.2435,8.2500,52.3565,2.5000,1.1129
comp_0377,aparato_0377,10.5000,51.8000,10.0200,51.2000,10.9800,52.4000,0.9600,1.2000
comp_0378,aparato_0378,14.0000,51.8000,13.5886,51.2000,14.4114,52.4000,0.8229,1.2000
comp_0379,aparato_0379,17.5000,51.8000,16.9545,51.2000,18.0455,52.4000,1.0909,1.2000
comp_0380,aparato_0380,21.0000,51.8000,19.7500,51.6399,22.2500,51.9601,2.5000,0.3203
comp_0381,aparato_0381,24.5000,51.8000,24.0500,51.2000,24.9500,52.4000,0.9000,1.2000
comp_0382,aparato_0382,28.0000,51.8000,27.0000,51.2000,29.0000,52.4000,2.0000,1.2000
comp_0383,aparato_0383,31.5000,51.8000,31.2000,51.2000,31.8000,52.4000,0.6000,1.2000
comp_0384,aparato_0384,35.0000,51.8000,33.7500,51.6399,36.2500,51.9601,2.5000,0.3203
comp_0385,aparato_0385,38.5000,51.8000,38.1259,51.2000,38.8741,52.4000,0.7481,1.2000
comp_0386,aparato_0386,42.0000,51.8000,41.4000,51.2000,42.6000,52.4000,1.2000,1.2000
comp_0387,aparato_0387,45.5000,51.8000,44.2500,51.3267,46.7500,52.2733,2.5000,0.9466
comp_0388,aparato_0388,49.0000,51.8000,47.9630,51.2000,50.0370,52.4000,2.0741,1.2000
comp_0389,aparato_0389,52.5000,51.8000,52.1500,51.2000,52.8500,52.4000,0.7000,1.2000
comp_0390,aparato_0390,56.0000,51.8000,55.3607,51.2000,56.6393,52.4000,1.2787,1.2000
comp_0391,aparato_0391,59.5000,51.8000,59.2517,51.2000,59.7483,52.4000,0.4966,1.2000
comp_0392,aparato_0392,63.0000,51.8000,62.8950,51.2000,63.1050,52.4000,0.2100,1.2000
comp_0393,aparato_0393,66.5000,51.8000,65.9000,51.2000,67.1000,52.4000,1.2000,1.2000
comp_0394,aparato_0394,70.0000,51.8000,68.7500,51.4169,71.2500,52.1831,2.5000,0.7661
comp_0395,aparato_0395,73.5000,51.8000,72.6000,51.2000,74.4000,52.4000,1.8000,1.2000
comp_0396,aparato_0396,77.0000,51.8000,76.4000,51.2000,77.6000,52.4000,1.2000,1.2000
comp_0397,aparato_0397,80.5000,51.8000,80.0275,51.2000,80.9725,52.4000,0.9450,1.2000
comp_0398,aparato_0398,84.0000,51.8000,82.7500,51.5330,85.2500,52.0670,2.5000,0.5341
comp_0399,aparato_0399,87.5000,51.8000,87.3086,51.2000,87.6914,52.4000,0.3827,1.2000
comp_0400,aparato_0400,91.0000,51.8000,89.7500,51.2444,92.2500,52.3556,2.5000,1.1111
comp_0401,aparato_0401,7.0000,46.8000,6.2941,46.2000,7.7059,47.4000,1.4118,1.2000
comp_0402,aparato_0402,10.5000,46.8000,9.2500,46.3477,11.7500,47.2523,2.5000,0.9047
comp_0403,aparato_0403,14.0000,46.8000,12.8000,46.2000,15.2000,47.4000,2.4000,1.2000
comp_0404,aparato_0404,17.5000,46.8000,16.3000,46.2000,18.7000,47.4000,2.4000,1.2000
comp_0405,aparato_0405,21.0000,46.8000,19.8132,46.2000,22.1868,47.4000,2.3736,1.2000
comp_0406,aparato_0406,24.5000,46.8000,23.9000,46.2000,25.1000,47.4000,1.2000,1.2000
comp_0407,aparato_0407,28.0000,46.8000,27.4000,46.2000,28.6000,47.4000,1.2000,1.2000
comp_0408,aparato_0408,31.5000,46.8000,30.6000,46.2000,32.4000,47.4000,1.8000,1.2000
comp_0409,aparato_0409,35.0000,46.8000,34.5255,46.2000,35.4745,47.4000,0.9491,1.2000
comp_0410,aparato_0410,38.5000,46.8000,38.2517,46.2000,38.7483,47.4000,0.4966,1.2000
comp_0411,aparato_0411,42.0000,46.8000,41.8500,46.2000,42.1500,47.4000,0.3000,1.2000
comp_0412,aparato_0412,45.5000,46.8000,44.3000,46.2000,46.7000,47.4000,2.4000,1.2000
comp_0413,aparato_0413,49.0000,46.8000,48.6132,46.2000,49.3868,47.4000,0.7736,1.2000
comp_0414,aparato_0414,52.5000,46.8000,52.3875,46.2000,52.6125,47.4000,0.2250,1.2000
comp_0415,aparato_0415,56.0000,46.8000,54.7500,46.6508,57.2500,46.9492,2.5000,0.2985
comp_0416,aparato_0416,59.5000,46.8000,58.2500,46.5866,60.7500,47.0134,2.5000,0.4268
comp_0417,aparato_0417,63.0000,46.8000,62.1760,46.2000,63.8240,47.4000,1.6480,1.2000
comp_0418,aparato_0418,66.5000,46.8000,65.9000,46.2000,67.1000,47.4000,1.2000,1.2000
comp_0419,aparato_0419,70.0000,46.8000,68.7500,46.6437,71.2500,46.9562,2.5000,0.3125
comp_0420,aparato_0420,73.5000,46.8000,73.1000,46.2000,73.9000,47.4000,0.8000,1.2000
comp_0421,aparato_0421,77.0000,46.8000,76.4000,46.2000,77.6000,47.4000,1.2000,1.2000
comp_0422,aparato_0422,80.5000,46.8000,80.1000,46.2000,80.9000,47.4000,0.8000,1.2000
comp_0423,aparato_0423,84.0000,46.8000,83.0000,46.2000,85.0000,47.4000,2.0000,1.2000
comp_0424,aparato_0424,87.5000,46.8000,86.7000,46.2000,88.3000,47.4000,1.6000,1.2000
comp_0425,aparato_0425,91.0000,46.8000,90.4000,46.2000,91.6000,47.4000,1.2000,1.2000
comp_0426,aparato_0426,7.0000,41.8000,6.7000,41.2000,7.3000,42.4000,0.6000,1.2000
comp_0427,aparato_0427,10.5000,41.8000,9.6429,41.2000,11.3571,42.4000,1.7143,1.2000
comp_0428,aparato_0428,14.0000,41.8000,13.1000,41.2000,14.9000,42.4000,1.8000,1.2000
comp_0429,aparato_0429,17.5000,41.8000,16.9000,41.2000,18.1000,42.4000,1.2000,1.2000
comp_0430,aparato_0430,21.0000,41.8000,19.9200,41.2000,22.0800,42.4000,2.1600,1.2000
comp_0431,aparato_0431,24.5000,41.8000,23.2500,41.4711,25.7500,42.1289,2.5000,0.6579
comp_0432,aparato_0432,28.0000,41.8000,27.7400,41.2000,28.2600,42.4000,0.5200,1.2000
comp_0433,aparato_0433,31.5000,41.8000,31.2517,41.2000,31.7483,42.4000,0.4966,1.2000
comp_0434,aparato_0434,35.0000,41.8000,34.7517,41.2000,35.2483,42.4000,0.4966,1.2000
comp_0435,aparato_0435,38.5000,41.8000,38.2517,41.2000,38.7483,42.4000,0.4966,1.2000
comp_0436,aparato_0436,42.0000,41.8000,41.1868,41.2000,42.8132,42.4000,1.6263,1.2000
comp_0437,aparato_0437,45.5000,41.8000,45.2000,41.2000,45.8000,42.4000,0.6000,1.2000
comp_0438,aparato_0438,49.0000,41.8000,48.7214,41.2000,49.2786,42.4000,0.5571,1.2000
comp_0439,aparato_0439,52.5000,41.8000,52.1000,41.2000,52.9000,42.4000,0.8000,1.2000
comp_0440,aparato_0440,56.0000,41.8000,55.0250,41.2000,56.9750,42.4000,1.9500,1.2000
comp_0441,aparato_0441,59.5000,41.8000,58.9450,41.2000,60.0550,42.4000,1.1100,1.2000
comp_0442,aparato_0442,63.0000,41.8000,62.5263,41.2000,63.4737,42.4000,0.9474,1.2000
comp_0443,aparato_0443,66.5000,41.8000,65.9000,41.2000,67.1000,42.4000,1.2000,1.2000
comp_0444,aparato_0444,70.0000,41.8000,68.7500,41.5942,71.2500,42.0058,2.5000,0.4116
comp_0445,aparato_0445,73.5000,41.8000,73.3776,41.2000,73.6224,42.4000,0.2449,1.2000
comp_0446,aparato_0446,77.0000,41.8000,76.8000,41.2000,77.2000,42.4000,0.4000,1.2000
comp_0447,aparato_0447,80.5000,41.8000,80.2600,41.2000,80.7400,42.4000,0.4800,1.2000
comp_0448,aparato_0448,84.0000,41.8000,83.2751,41.2000,84.7249,42.4000,1.4498,1.2000
comp_0449,aparato_0449,87.5000,41.8000,87.2900,41.2000,87.7100,42.4000,0.4200,1.2000
comp_0450,aparato_0450,91.0000,41.8000,89.7500,41.6308,92.2500,41.9692,2.5000,0.3383
comp_0451,aparato_0451,7.0000,36.8000,6.8065,36.2000,7.1935,37.4000,0.3871,1.2000
comp_0452,aparato_0452,10.5000,36.8000,9.7320,36.2000,11.2680,37.4000,1.5360,1.2000
comp_0453,aparato_0453,14.0000,36.8000,12.7500,36.7065,15.2500,36.8935,2.5000,0.1869
comp_0454,aparato_0454,17.5000,36.8000,17.3490,36.2000,17.6510,37.4000,0.3020,1.2000
comp_0455,aparato_0455,21.0000,36.8000,19.7500,36.5965,22.2500,37.0035,2.5000,0.4070
comp_0018,aparato_0018,24.5000,36.8000,24.1361,36.2000,24.8639,37.4000,0.7278,1.2000
comp_0019,aparato_0019,28.0000,36.8000,27.8000,36.2000,28.2000,37.4000,0.4000,1.2000
comp_0020,aparato_0020,31.5000,36.8000,31.3286,36.2000,31.6714,37.4000,0.3429,1.2000
comp_0021,aparato_0021,35.0000,36.8000,33.7500,36.5247,36.2500,37.0753,2.5000,0.5506
comp_0022,aparato_0022,38.5000,36.8000,37.2500,36.5649,39.7500,37.0351,2.5000,0.4702
comp_0023,aparato_0023,42.0000,36.8000,41.8080,36.2000,42.1920,37.4000,0.3840,1.2000
comp_0024,aparato_0024,45.5000,36.8000,45.3485,36.2000,45.6515,37.4000,0.3029,1.2000
comp_0025,aparato_0025,49.0000,36.8000,48.7000,36.2000,49.3000,37.4000,0.6000,1.2000
comp_0026,aparato_0026,52.5000,36.8000,51.8000,36.2000,53.2000,37.4000,1.4000,1.2000
comp_0027,aparato_0027,56.0000,36.8000,55.8182,36.2000,56.1818,37.4000,0.3636,1.2000
comp_0028,aparato_0028,59.5000,36.8000,58.7000,36.2000,60.3000,37.4000,1.6000,1.2000
comp_0029,aparato_0029,63.0000,36.8000,61.7500,36.2542,64.2500,37.3458,2.5000,1.0917
comp_0030,aparato_0030,66.5000,36.8000,65.6600,36.2000,67.3400,37.4000,1.6800,1.2000
comp_0031,aparato_0031,70.0000,36.8000,69.6250,36.2000,70.3750,37.4000,0.7500,1.2000
comp_0032,aparato_0032,73.5000,36.8000,73.2517,36.2000,73.7483,37.4000,0.4966,1.2000
comp_0033,aparato_0033,77.0000,36.8000,76.8065,36.2000,77.1935,37.4000,0.3871,1.2000
comp_0034,aparato_0034,80.5000,36.8000,79.2500,36.2643,81.7500,37.3357,2.5000,1.0714
comp_0035,aparato_0035,84.0000,36.8000,83.5875,36.2000,84.4125,37.4000,0.8250,1.2000
comp_0036,aparato_0036,87.5000,36.8000,87.1250,36.2000,87.8750,37.4000,0.7500,1.2000
comp_0037,aparato_0037,91.0000,36.8000,90.6000,36.2000,91.4000,37.4000,0.8000,1.2000
comp_0476,aparato_0476,7.0000,31.8000,6.4000,31.2000,7.6000,32.4000,1.2000,1.2000
comp_0477,aparato_0477,10.5000,31.8000,9.2500,31.3950,11.7500,32.2050,2.5000,0.8100
comp_0478,aparato_0478,14.0000,31.8000,13.7517,31.2000,14.2483,32.4000,0.4966,1.2000
comp_0479,aparato_0479,17.5000,31.8000,17.1400,31.2000,17.8600,32.4000,0.7200,1.2000
comp_0480,aparato_0480,21.0000,31.8000,19.7500,31.5275,22.2500,32.0725,2.5000,0.5449
comp_0481,aparato_0481,24.5000,31.8000,23.6818,31.2000,25.3182,32.4000,1.6364,1.2000
comp_0482,aparato_0482,28.0000,31.8000,27.7600,31.2000,28.2400,32.4000,0.4800,1.2000
comp_0483,aparato_0483,31.5000,31.8000,30.6000,31.2000,32.4000,32.4000,1.8000,1.2000
comp_0484,aparato_0484,35.0000,31.8000,33.7500,31.2375,36.2500,32.3625,2.5000,1.1250
comp_0485,aparato_0485,38.5000,31.8000,38.1000,31.2000,38.9000,32.4000,0.8000,1.2000
comp_0486,aparato_0486,42.0000,31.8000,40.7500,31.6415,43.2500,31.9585,2.5000,0.3170
comp_0487,aparato_0487,45.5000,31.8000,45.0200,31.2000,45.9800,32.4000,0.9600,1.2000
comp_0488,aparato_0488,49.0000,31.8000,48.4600,31.2000,49.5400,32.4000,1.0800,1.2000
comp_0489,aparato_0489,52.5000,31.8000,52.0500,31.2000,52.9500,32.4000,0.9000,1.2000
comp_0490,aparato_0490,56.0000,31.8000,55.5275,31.2000,56.4725,32.4000,0.9450,1.2000
comp_0491,aparato_0491,59.5000,31.8000,59.0909,31.2000,59.9091,32.4000,0.8182,1.2000
comp_0492,aparato_0492,63.0000,31.8000,61.8000,31.2000,64.2000,32.4000,2.4000,1.2000
comp_0493,aparato_0493,66.5000,31.8000,65.2500,31.6698,67.7500,31.9302,2.5000,0.2604
comp_0494,aparato_0494,70.0000,31.8000,68.7500,31.2253,71.2500,32.3747,2.5000,1.1494
comp_0495,aparato_0495,73.5000,31.8000,72.9000,31.2000,74.1000,32.4000,1.2000,1.2000
comp_0496,aparato_0496,77.0000,31.8000,76.7750,31.2000,77.2250,32.4000,0.4500,1.2000
comp_0497,aparato_0497,80.5000,31.8000,79.2500,31.3208,81.7500,32.2792,2.5000,0.9583
comp_0498,aparato_0498,84.0000,31.8000,82.7500,31.6409,85.2500,31.9591,2.5000,0.3182
comp_0499,aparato_0499,87.5000,31.8000,86.9000,31.2000,88.1000,32.4000,1.2000,1.2000
comp_0500,aparato_0500,91.0000,31.8000,89.7500,31.2382,92.2500,32.3618,2.5000,1.1236
comp_0501,aparato_0501,7.0000,26.8000,6.6550,26.2000,7.3450,27.4000,0.6900,1.2000
comp_0502,aparato_0502,10.5000,26.8000,10.1000,26.2000,10.9000,27.4000,0.8000,1.2000
comp_0503,aparato_0503,14.0000,26.8000,12.7500,26.4875,15.2500,27.1125,2.5000,0.6250
comp_0504,aparato_0504,17.5000,26.8000,17.2750,26.2000,17.7250,27.4000,0.4500,1.2000
comp_0505,aparato_0505,21.0000,26.8000,20.6000,26.2000,21.4000,27.4000,0.8000,1.2000
comp_0506,aparato_0506,24.5000,26.8000,24.3258,26.2000,24.6742,27.4000,0.3484,1.2000
comp_0507,aparato_0507,28.0000,26.8000,27.8588,26.2000,28.1412,27.4000,0.2824,1.2000
comp_0508,aparato_0508,31.5000,26.8000,30.8143,26.2000,32.1857,27.4000,1.3714,1.2000
comp_0509,aparato_0509,35.0000,26.8000,33.9950,26.2000,36.0050,27.4000,2.0100,1.2000
comp_0510,aparato_0510,38.5000,26.8000,37.9000,26.2000,39.1000,27.4000,1.2000,1.2000
comp_0511,aparato_0511,42.0000,26.8000,40.7500,26.6908,43.2500,26.9092,2.5000,0.2183
comp_0512,aparato_0512,45.5000,26.8000,44.9444,26.2000,46.0556,27.4000,1.1111,1.2000
comp_0513,aparato_0513,49.0000,26.8000,48.7871,26.2000,49.2129,27.4000,0.4258,1.2000
comp_0514,aparato_0514,52.5000,26.8000,51.9545,26.2000,53.0455,27.4000,1.0909,1.2000
comp_0515,aparato_0515,56.0000,26.8000,54.7500,26.5247,57.2500,27.0753,2.5000,0.5506
comp_0516,aparato_0516,59.5000,26.8000,58.2500,26.6780,60.7500,26.9220,2.5000,0.2439
comp_0517,aparato_0517,63.0000,26.8000,62.4000,26.2000,63.6000,27.4000,1.2000,1.2000
comp_0518,aparato_0518,66.5000,26.8000,66.3776,26.2000,66.6224,27.4000,0.2449,1.2000
comp_0519,aparato_0519,70.0000,26.8000,68.8000,26.2000,71.2000,27.4000,2.4000,1.2000
comp_0520,aparato_0520,73.5000,26.8000,73.1977,26.2000,73.8023,27.4000,0.6045,1.2000
comp_0521,aparato_0521,77.0000,26.8000,76.8966,26.2000,77.1034,27.4000,0.2069,1.2000
comp_0522,aparato_0522,80.5000,26.8000,80.3563,26.2000,80.6437,27.4000,0.2875,1.2000
comp_0523,aparato_0523,84.0000,26.8000,83.1750,26.2000,84.8250,27.4000,1.6500,1.2000
comp_0524,aparato_0524,87.5000,26.8000,86.9000,26.2000,88.1000,27.4000,1.2000,1.2000
comp_0525,aparato_0525,91.0000,26.8000,89.7500,26.6512,92.2500,26.9488,2.5000,0.2977
comp_0526,aparato_0526,7.0000,21.8000,6.5200,21.2000,7.4800,22.4000,0.9600,1.2000
comp_0527,aparato_0527,10.5000,21.8000,10.2871,21.2000,10.7129,22.4000,0.4258,1.2000
comp_0528,aparato_0528,14.0000,21.8000,13.4000,21.2000,14.6000,22.4000,1.2000,1.2000
comp_0529,aparato_0529,17.5000,21.8000,16.9000,21.2000,18.1000,22.4000,1.2000,1.2000
comp_0530,aparato_0530,21.0000,21.8000,19.7500,21.5222,22.2500,22.0778,2.5000,0.5556
comp_0531,aparato_0531,24.5000,21.8000,24.0042,21.2000,24.9958,22.4000,0.9915,1.2000
comp_0532,aparato_0532,28.0000,21.8000,27.7517,21.2000,28.2483,22.4000,0.4966,1.2000
comp_0533,aparato_0533,31.5000,21.8000,31.2921,21.2000,31.7079,22.4000,0.4157,1.2000
comp_0534,aparato_0534,35.0000,21.8000,33.7500,21.6399,36.2500,21.9601,2.5000,0.3203
comp_0535,aparato_0535,38.5000,21.8000,38.3490,21.2000,38.6510,22.4000,0.3020,1.2000
comp_0536,aparato_0536,42.0000,21.8000,41.4000,21.2000,42.6000,22.4000,1.2000,1.2000
comp_0537,aparato_0537,45.5000,21.8000,45.2987,21.2000,45.7013,22.4000,0.4026,1.2000
comp_0538,aparato_0538,49.0000,21.8000,48.6250,21.2000,49.3750,22.4000,0.7500,1.2000
comp_0539,aparato_0539,52.5000,21.8000,52.3533,21.2000,52.6467,22.4000,0.2934,1.2000
comp_0540,aparato_0540,56.0000,21.8000,55.8000,21.2000,56.2000,22.4000,0.4000,1.2000
comp_0541,aparato_0541,59.5000,21.8000,58.2500,21.2471,60.7500,22.3529,2.5000,1.1058
comp_0542,aparato_0542,63.0000,21.8000,62.7000,21.2000,63.3000,22.4000,0.6000,1.2000
comp_0543,aparato_0543,66.5000,21.8000,66.1000,21.2000,66.9000,22.4000,0.8000,1.2000
comp_0544,aparato_0544,70.0000,21.8000,69.9202,21.2000,70.0798,22.4000,0.1596,1.2000
comp_0545,aparato_0545,73.5000,21.8000,72.2500,21.3000,74.7500,22.3000,2.5000,1.0000
comp_0546,aparato_0546,77.0000,21.8000,75.7552,21.2000,78.2448,22.4000,2.4896,1.2000
comp_0547,aparato_0547,80.5000,21.8000,79.2500,21.3308,81.7500,22.2692,2.5000,0.9385
comp_0548,aparato_0548,84.0000,21.8000,83.8559,21.2000,84.1441,22.4000,0.2882,1.2000
comp_0549,aparato_0549,87.5000,21.8000,86.8000,21.2000,88.2000,22.4000,1.4000,1.2000
comp_0550,aparato_0550,91.0000,21.8000,89.7500,21.6532,92.2500,21.9468,2.5000,0.2935
comp_0551,aparato_0551,7.0000,16.8000,5.7500,16.3833,8.2500,17.2167,2.5000,0.8333
comp_0552,aparato_0552,10.5000,16.8000,9.9000,16.2000,11.1000,17.4000,1.2000,1.2000
comp_0553,aparato_0553,14.0000,16.8000,12.8000,16.2000,15.2000,17.4000,2.4000,1.2000
comp_0554,aparato_0554,17.5000,16.8000,16.2500,16.5816,18.7500,17.0184,2.5000,0.4369
comp_0555,aparato_0555,21.0000,16.8000,19.7500,16.6851,22.2500,16.9149,2.5000,0.2299
comp_0556,aparato_0556,24.5000,16.8000,23.2500,16.7114,25.7500,16.8886,2.5000,0.1772
comp_0557,aparato_0557,28.0000,16.8000,27.6571,16.2000,28.3429,17.4000,0.6857,1.2000
comp_0558,aparato_0558,31.5000,16.8000,30.9900,16.2000,32.0100,17.4000,1.0200,1.2000
comp_0559,aparato_0559,35.0000,16.8000,33.7500,16.6508,36.2500,16.9492,2.5000,0.2985
comp_0560,aparato_0560,38.5000,16.8000,37.2500,16.4577,39.7500,17.1423,2.5000,0.6847
comp_0561,aparato_0561,42.0000,16.8000,41.2500,16.2000,42.7500,17.4000,1.5000,1.2000
comp_0562,aparato_0562,45.5000,16.8000,45.2517,16.2000,45.7483,17.4000,0.4966,1.2000
comp_0563,aparato_0563,49.0000,16.8000,48.8138,16.2000,49.1862,17.4000,0.3725,1.2000
comp_0564,aparato_0564,52.5000,16.8000,52.0325,16.2000,52.9675,17.4000,0.9351,1.2000
comp_0565,aparato_0565,56.0000,16.8000,55.5900,16.2000,56.4100,17.4000,0.8200,1.2000
comp_0566,aparato_0566,59.5000,16.8000,59.2871,16.2000,59.7129,17.4000,0.4258,1.2000
comp_0567,aparato_0567,63.0000,16.8000,61.9385,16.2000,64.0615,17.4000,2.1231,1.2000
comp_0568,aparato_0568,66.5000,16.8000,66.1000,16.2000,66.9000,17.4000,0.8000,1.2000
comp_0569,aparato_0569,70.0000,16.8000,69.4682,16.2000,70.5318,17.4000,1.0636,1.2000
comp_0570,aparato_0570,73.5000,16.8000,72.5769,16.2000,74.4231,17.4000,1.8462,1.2000
comp_0571,aparato_0571,77.0000,16.8000,76.1000,16.2000,77.9000,17.4000,1.8000,1.2000
comp_0572,aparato_0572,80.5000,16.8000,79.9000,16.2000,81.1000,17.4000,1.2000,1.2000
comp_0573,aparato_0573,84.0000,16.8000,82.7500,16.4250,85.2500,17.1750,2.5000,0.7500
comp_0574,aparato_0574,87.5000,16.8000,87.0950,16.2000,87.9050,17.4000,0.8100,1.2000
comp_0575,aparato_0575,91.0000,16.8000,89.7500,16.4380,92.2500,17.1620,2.5000,0.7240
comp_0576,aparato_0576,7.0000,11.8000,6.4450,11.2000,7.5550,12.4000,1.1100,1.2000
comp_0577,aparato_0577,10.5000,11.8000,9.3000,11.2000,11.7000,12.4000,2.4000,1.2000
comp_0578,aparato_0578,14.0000,11.8000,12.7500,11.2375,15.2500,12.3625,2.5000,1.1250
comp_0579,aparato_0579,17.5000,11.8000,17.4400,11.2000,17.5600,12.4000,0.1200,1.2000
comp_0580,aparato_0580,21.0000,11.8000,20.4750,11.2000,21.5250,12.4000,1.0500,1.2000
comp_0581,aparato_0581,24.5000,11.8000,24.2517,11.2000,24.7483,12.4000,0.4966,1.2000
comp_0582,aparato_0582,28.0000,11.8000,27.6400,11.2000,28.3600,12.4000,0.7200,1.2000
comp_0583,aparato_0583,31.5000,11.8000,30.2500,11.5552,32.7500,12.0448,2.5000,0.4896
comp_0584,aparato_0584,35.0000,11.8000,34.6250,11.2000,35.3750,12.4000,0.7500,1.2000
comp_0585,aparato_0585,38.5000,11.8000,37.6692,11.2000,39.3308,12.4000,1.6615,1.2000
comp_0586,aparato_0586,42.0000,11.8000,41.1000,11.2000,42.9000,12.4000,1.8000,1.2000
comp_0587,aparato_0587,45.5000,11.8000,44.9000,11.2000,46.1000,12.4000,1.2000,1.2000
comp_0588,aparato_0588,49.0000,11.8000,47.7500,11.5487,50.2500,12.0513,2.5000,0.5026
comp_0589,aparato_0589,52.5000,11.8000,52.2517,11.2000,52.7483,12.4000,0.4966,1.2000
comp_0590,aparato_0590,56.0000,11.8000,55.6000,11.2000,56.4000,12.4000,0.8000,1.2000
comp_0591,aparato_0591,59.5000,11.8000,59.0273,11.2000,59.9727,12.4000,0.9455,1.2000
comp_0592,aparato_0592,63.0000,11.8000,62.8200,11.2000,63.1800,12.4000,0.3600,1.2000
comp_0593,aparato_0593,66.5000,11.8000,66.3204,11.2000,66.6796,12.4000,0.3592,1.2000
comp_0594,aparato_0594,70.0000,11.8000,69.4000,11.2000,70.6000,12.4000,1.2000,1.2000
comp_0595,aparato_0595,73.5000,11.8000,73.4172,11.2000,73.5828,12.4000,0.1655,1.2000
comp_0596,aparato_0596,77.0000,11.8000,75.7500,11.4875,78.2500,12.1125,2.5000,0.6250
comp_0597,aparato_0597,80.5000,11.8000,79.2500,11.6409,81.7500,11.9591,2.5000,0.3182
comp_0598,aparato_0598,84.0000,11.8000,83.6555,11.2000,84.3445,12.4000,0.6890,1.2000
comp_0599,aparato_0599,87.5000,11.8000,86.9000,11.2000,88.1000,12.4000,1.2000,1.2000
comp_0600,aparato_0600,91.0000,11.8000,90.6400,11.2000,91.3600,12.4000,0.7200,1.2000
