block_name,x_cad,y_cad,x1,y1,x2,y2,tipo
aparato,3712.0718,1339.4436,3711.4702,1338.7548,3712.6731,1340.1326,aparato
aparato,3713.4263,1339.4385,3712.8286,1338.7603,3714.0239,1340.1167,aparato
aparato,3714.7871,1339.4392,3714.1855,1338.7554,3715.3887,1340.1229,aparato
aparato,3717.1763,1339.4368,3716.5732,1338.7496,3717.7795,1340.1238,aparato
aparato,3718.5327,1339.4521,3717.9355,1338.7646,3719.1299,1340.1396,aparato
aparato,3693.8591,1341.7537,3693.0708,1340.8201,3694.6475,1342.6873,aparato
aparato,3700.1624,1342.0444,3699.5593,1341.4534,3700.7654,1342.6354,aparato
aparato,3705.8181,1342.0439,3705.2126,1341.4525,3706.4236,1342.6354,aparato
aparato,3698.2761,1342.1719,3697.6709,1341.4603,3698.8813,1342.8833,aparato
aparato,3702.0391,1342.1647,3701.4272,1341.4521,3702.6509,1342.8772,aparato
aparato,3703.9304,1342.1658,3703.3252,1341.4485,3704.5356,1342.8832,aparato
aparato,3707.6968,1342.1686,3707.0813,1341.4590,3708.3125,1342.8782,aparato
aparato,3713.4502,1342.3311,3712.8525,1341.6104,3714.0481,1343.0518,aparato
aparato,3717.8887,1342.3313,3717.3044,1341.6235,3718.4727,1343.0391,aparato
aparato,3711.1746,1346.2227,3711.0540,1345.7825,3711.2952,1346.6627,aparato
