block_name,x_cad,y_cad,x1,y1,x2,y2
PAT,268.8428616529297,-28.140603240748206,268.4745171354199,-28.591153415005017,269.2112061704395,-27.690053066491394
SPM,282.818060507001,-17.484977875215975,282.4935095017248,-17.772426765742736,283.1426115122772,-17.19752898468921
LAMPARASEÑALIZACION1,284.16342352955724,-17.493493116300066,283.142611512278,-17.71635588797976,285.1842355468365,-17.270630344620372
BORNES,282.9592367287714,-28.515187823532607,282.6633842619937,-28.729973104124447,283.25508919554903,-28.30040254294077
SECC-BC-FUS,283.14312908975205,-25.335724511480556,282.76098328735475,-25.82581337922383,283.52527489214935,-24.845635643737282
BORNES,274.4179356154958,-28.515187823532557,274.1220831487181,-28.72997310412439,274.7137880822735,-28.30040254294072
TM-DIN,274.6360721892704,-25.585398450397452,274.11929771996677,-26.363112369077953,275.152846658574,-24.80768453171695
BORNES,275.3667534633308,-28.515187823532557,275.0709009965531,-28.72997310412439,275.66260593010844,-28.30040254294072
TM-DIN,275.58489003710537,-25.585398450397452,275.0681155678017,-26.363112369077953,276.101664506409,-24.80768453171695
BORNES,283.90805457660645,-28.515187823532607,283.6122021098288,-28.729973104124447,284.20390704338405,-28.30040254294077
SECC-BC-FUS,284.0919469375889,-25.335724511480556,283.70980113518976,-25.82581337922383,284.47409273998795,-24.845635643737282
TM-DIN,323.96687832237296,-25.586369581895706,323.4501038530694,-26.36408350057621,324.4836527916766,-24.8086556632152
A$C40E17AD0,296.0626486044185,-20.556696840559535,295.6250112472453,-21.256533973696126,296.50028596159166,-19.856859707422945
SPM,296.5312371208457,-17.485000817006703,296.2066861155713,-17.772449707533468,296.85578812612005,-17.19755192647994
BORNES,276.31557131116585,-28.515187823532557,276.0197188443882,-28.72997310412439,276.61142377794346,-28.30040254294072
TM-DIN,276.5337078849403,-25.585398450397452,276.01693341563674,-26.363112369077953,277.05048235424397,-24.80768453171695
BORNES,277.2643891590029,-28.515187823532607,276.9685366922252,-28.729973104124447,277.5602416257806,-28.30040254294077
TM-DIN,277.4825257327774,-25.585398450397513,276.96575126347386,-26.36311236907801,277.999300202081,-24.807684531717012
BORNES,284.8568724244435,-28.515187823532557,284.5610199576658,-28.72997310412439,285.15272489122117,-28.30040254294072
SECC-BC-FUS,285.04076478542595,-25.335724511480507,284.6586189830268,-25.82581337922378,285.4229105878251,-24.845635643737232
BORNES,285.8056902722806,-28.515187823532607,285.5098378055029,-28.729973104124447,286.10154273905823,-28.30040254294077
SECC-BC-FUS,285.98958263326307,-25.335724511480556,285.60743683086395,-25.82581337922383,286.3717284356622,-24.845635643737282
TM-DIN,293.3499514462313,-25.264290210026232,293.0907281008676,-25.720927392369543,293.60917479159497,-24.80765302768292
TM-DIN,294.29876929406805,-25.264322668728262,294.03954594870436,-25.720959851071573,294.55799263943175,-24.80768548638495
SPM,330.4084666514908,-17.484997120464758,330.0840152374757,-17.772446010986066,330.7329180655059,-17.19754822994345
LAMPARASEÑALIZACION1,331.54214196225837,-17.493512361540546,330.7329180655059,-17.716375133220247,332.3513658590109,-17.27064958986085
LAMPARASEÑALIZACION1,297.87660014339946,-17.493516058091586,296.8557881261202,-17.716378829771287,298.8974121606787,-17.27065328641189
SECCIONADOR,282.70248354847644,-19.04635385782257,282.03813872185935,-19.483991214995765,283.3668283750935,-18.608716500649376
TM-DIN,300.26408777062716,-25.586369480064413,299.7473133013236,-26.36408339874491,300.7808622399307,-24.80865556138391
BORNES,300.0459512986755,-28.516161554353353,299.7500988318833,-28.730946834932457,300.3418037654678,-28.301376273774252
TM-DIN,301.2129056184642,-25.586369480064462,300.6961311491606,-26.364083398744963,301.7296800877678,-24.80865556138396
BORNES,300.99476914651257,-28.516161554353417,300.6989166797203,-28.730946834932517,301.2906216133048,-28.301376273774313
TM-DIN,302.1617234663013,-25.586369480064462,301.64494899699764,-26.364083398744963,302.67849793560487,-24.80865556138396
BORNES,301.94358699434963,-28.516161554353417,301.6477345275574,-28.730946834932517,302.23943946114184,-28.301376273774313
TM-DIN,327.7799720949987,-25.587146303797574,327.26319762569517,-26.36486022247807,328.2967465643023,-24.809432385117073
BORNES,327.56183562304716,-28.515371532483904,327.2659831562549,-28.730156813063008,327.85768808983937,-28.3005862519048
TM-DIN,326.83115424716163,-25.587146303797574,326.31437977785805,-26.36486022247807,327.3479287164653,-24.809432385117073
BORNES,326.6130177752101,-28.515371532483904,326.3171653084179,-28.730156813063008,326.90887024200225,-28.3005862519048
CONTACTOR,274.4914633458917,-27.625913269590463,274.03121489982624,-28.131628082179272,274.95171179195717,-27.120198457001653
S-M-0-A,274.1113474349583,-26.765097112126668,273.8795968784154,-27.050155450862768,274.3430979915012,-26.480038773390568
CONTACTOR,275.4402811937267,-27.625913269590463,274.98003274766126,-28.131628082179272,275.9005296397922,-27.120198457001653
CONTACTOR,276.38909904156174,-27.625913269590463,275.9288505954963,-28.131628082179272,276.8493474876272,-27.120198457001653
CONTACTOR,277.3379168510684,-27.625913269590463,276.87766840500296,-28.131628082179272,277.7981652971339,-27.120198457001653
S-M-0-A,275.0601652827933,-26.765097112126668,274.8284147262504,-27.050155450862768,275.29191583933624,-26.480038773390568
S-M-0-A,276.00898313062834,-26.765097112126668,275.7772325740854,-27.050155450862768,276.24073368717126,-26.480038773390568
S-M-0-A,276.9578009401349,-26.765097112126668,276.726050383592,-27.050155450862768,277.18955149667784,-26.480038773390568
BORNES,292.44081700683194,-28.51518782353257,292.1449645400543,-28.729973104124408,292.73666947360965,-28.30040254294073
TM-DIN,292.6589535806065,-25.585398450397467,292.14217911130294,-26.36311236907797,293.17572804991016,-24.807684531716962
INT-DIF,292.5829609721165,-21.935357074292703,292.20982903502227,-22.54730971828602,292.9560929092107,-21.323404430299387
BORNES,297.19768251597867,-28.51518877820053,296.901830049201,-28.72997405879237,297.49353498275633,-28.30040349760869
TM-DIN,297.415819089753,-25.58539940506543,296.89904462044933,-26.36311332374593,297.9325935590566,-24.807685486384933
INT-DIF,276.9346647676547,-21.935337699802993,276.56153283056045,-22.54729034379631,277.3077967047489,-21.323385055809677
CONTACTOR,297.27121029493134,-27.625913269590455,296.8109618488659,-28.13162808217926,297.7314587409968,-27.120198457001646
S-M-0-A,296.89109438399794,-26.765097112126657,296.659343827455,-27.050155450862757,297.12284494054086,-26.480038773390557
TM-DIN,303.1100994663012,-25.586369480064462,302.59332499699764,-26.364083398744963,303.62687393560486,-24.80865556138396
BORNES,302.8919629943496,-28.516161554353417,302.5961105275574,-28.730946834932517,303.18781546114184,-28.301376273774313
TM-DIN,304.0588694662997,-25.58636948006447,303.54209499699607,-26.36408339874497,304.5756439356033,-24.808655561383972
BORNES,303.84073299434806,-28.516161554353424,303.5448805275558,-28.730946834932528,304.13658546114027,-28.30137627377432
TM-DIN,314.4921874662949,-25.58636948006447,313.97541299699134,-26.36408339874497,315.00896193559856,-24.808655561383972
BORNES,314.2740509943433,-28.516161554353424,313.9781985275511,-28.730946834932528,314.56990346113554,-28.30137627377432
INT-DIF,314.41619495964227,-21.93535796120454,314.04306302254804,-22.547310605197858,314.7893268967365,-21.323405317211225
TM-DIN,315.440563466295,-25.586369480064484,314.92378899699133,-26.36408339874498,315.95733793559856,-24.808655561383983
BORNES,315.2224269943433,-28.516161554353424,314.9265745275511,-28.730946834932528,315.51827946113553,-28.30137627377432
INT-DIF,315.36457095964226,-21.935357961204552,314.99143902254804,-22.54731060519787,315.7377028967365,-21.323405317211236
TM-DIN,316.38893946629497,-25.586369480064143,315.87216499699133,-26.36408339874464,316.9057139355986,-24.80865556138364
BORNES,316.1708029943433,-28.516161554353083,315.8749505275511,-28.730946834932187,316.46665546113553,-28.301376273773982
INT-DIF,316.3129469596423,-21.935357961204204,315.9398150225481,-22.54731060519752,316.68607889673655,-21.323405317210888
TM-DIN,317.332491770635,-25.587146303797557,316.81571730133135,-26.36486022247806,317.8492662399386,-24.809432385117052
BORNES,317.11435529868334,-28.516938378086504,316.8185028318911,-28.731723658665608,317.41020776547555,-28.3021530975074
INT-DIF,317.2564992639823,-21.93613478493762,316.88336732688805,-22.548087428930938,317.6296312010765,-21.324182140944306
INT-DIF,326.755161740509,-21.936134784937643,326.38202980341475,-22.54808742893096,327.1282936776032,-21.324182140944327
INT-DIF,327.7039795883461,-21.93613478493762,327.3308476512519,-22.548087428930938,328.07711152544033,-21.324182140944306
TM-DIN,328.72834809499875,-25.587146303797574,328.21157362569505,-26.36486022247807,329.2451225643024,-24.809432385117073
BORNES,328.5102116230471,-28.515371532483904,328.2143591562549,-28.730156813063008,328.80606408983925,-28.3005862519048
INT-DIF,328.6523555883461,-21.93613478493762,328.27922365125187,-22.548087428930938,329.0254875254403,-21.324182140944306
TM-DIN,329.6767240949987,-25.58714630379758,329.15994962569516,-26.364860222478082,330.1934985643023,-24.80943238511708
BORNES,329.45858762304715,-28.51537153248391,329.1627351562549,-28.73015681306302,329.75444008983936,-28.3005862519048
INT-DIF,329.6007315883461,-21.936134784937632,329.22759965125186,-22.54808742893095,329.9738635254403,-21.324182140944316
TM-DIN,330.62510009499863,-25.587146303797574,330.10832562569504,-26.36486022247807,331.14187456430227,-24.809432385117073
BORNES,330.4069636230471,-28.515371532483904,330.1111111562549,-28.730156813063008,330.70281608983925,-28.3005862519048
INT-DIF,330.5491075883461,-21.93613478493762,330.17597565125186,-22.548087428930938,330.9222395254403,-21.324182140944306
TM-DIN,331.5738700949971,-25.58714630379758,331.05709562569353,-26.364860222478082,332.09064456430076,-24.80943238511708
BORNES,331.3557336230455,-28.51537153248391,331.0598811562533,-28.73015681306302,331.65158608983774,-28.3005862519048
INT-DIF,331.49787758834447,-21.936134784937632,331.12474565125024,-22.54808742893095,331.8710095254387,-21.324182140944316
TM-DIN,332.5214580950002,-25.587146303797574,332.00468362569654,-26.36486022247807,333.03823256430377,-24.809432385117073
BORNES,332.30332162304853,-28.515371532483904,332.0074691562564,-28.730156813063008,332.59917408984074,-28.3005862519048
INT-DIF,332.4454655883476,-21.93613478493762,332.07233365125336,-22.548087428930938,332.8185975254418,-21.324182140944306
TM-DIN,333.4702280949987,-25.587146303797574,332.95345362569503,-26.36486022247807,333.98700256430226,-24.809432385117073
BORNES,333.252091623047,-28.515371532483904,332.9562391562548,-28.730156813063008,333.54794408983923,-28.3005862519048
INT-DIF,333.39423558834596,-21.93613478493762,333.02110365125174,-22.548087428930938,333.7673675254402,-21.324182140944306
TM-DIN,334.4182100950002,-25.587146303797574,333.90143562569665,-26.36486022247807,334.93498456430376,-24.809432385117073
BORNES,334.20007362304864,-28.515371532483904,333.9042211562564,-28.730156813063008,334.49592608984085,-28.3005862519048
INT-DIF,334.3422175883476,-21.93613478493762,333.96908565125335,-22.548087428930938,334.7153495254418,-21.324182140944306
TM-DIN,335.36698009499867,-25.587146303797574,334.8502056256951,-26.36486022247807,335.8837545643023,-24.809432385117073
BORNES,335.148843623047,-28.515371532483904,334.8529911562548,-28.730156813063008,335.4446960898393,-28.3005862519048
INT-DIF,335.290987588346,-21.93613478493762,334.9178556512518,-22.548087428930938,335.66411952544024,-21.324182140944306
SECCIONADOR,330.2894773806206,-19.046353857822588,329.6251325540036,-19.483991214995783,330.9538222072377,-18.608716500649393
INT-DIF,285.4704063161012,-23.414449774365004,285.097274379007,-24.02640241835832,285.84353825319545,-22.802497130371687
TM-DIN,285.5463988881854,-22.35560156873485,285.0296244188818,-23.133315487415352,286.063173357489,-21.57788765005435
INT-DIF,298.2950194361107,-21.935338654500065,297.92188749901646,-22.54729129849338,298.6681513732049,-21.32338601050675
INT-DIF,302.5598949703096,-21.936228301839485,302.18676303321536,-22.5481809458328,302.9330269074038,-21.32427565784617
BORNES,286.75446027227906,-28.515187823532607,286.4586078055014,-28.729973104124447,287.05031273905666,-28.30040254294077
SECC-BC-FUS,286.93835263326145,-25.335724511480556,286.5562068308623,-25.82581337922383,287.32049843566057,-24.845635643737282
BORNES,287.70323027227744,-28.515187823532607,287.4073778054998,-28.729973104124447,287.99908273905515,-28.30040254294077
SECC-BC-FUS,287.8871226332599,-25.335724511480556,287.50497683086076,-25.82581337922383,288.26926843565906,-24.845635643737282
BORNES,288.65200027227587,-28.515187823532607,288.3561478054982,-28.729973104124447,288.94785273905353,-28.30040254294077
SECC-BC-FUS,288.8358926332583,-25.335724511480556,288.45374683085913,-25.82581337922383,289.2180384356575,-24.845635643737282
BORNES,289.6007702722743,-28.515187823532607,289.3049178054966,-28.729973104124447,289.89662273905196,-28.30040254294077
SECC-BC-FUS,289.78466263325674,-25.335724511480556,289.4025168308576,-25.82581337922383,290.16680843565587,-24.845635643737282
BORNES,290.5495402722727,-28.515187823532607,290.2536878054951,-28.729973104124447,290.84539273905034,-28.30040254294077
SECC-BC-FUS,290.7334326332552,-25.335724511480556,290.35128683085605,-25.82581337922383,291.1155784356543,-24.845635643737282
INT-DIF,289.736923471291,-23.414447422698423,289.36379153419676,-24.02640006669174,290.1100554083852,-22.802494778705107
TM-DIN,289.81291604337514,-22.35559921706828,289.29614157407156,-23.133313135748782,290.32969051267867,-21.57788529838778
BORNES,278.2131591590013,-28.515187823532607,277.9173066922236,-28.729973104124447,278.50901162577895,-28.30040254294077
TM-DIN,278.4312957327759,-25.585398450397513,277.91452126347224,-26.36311236907801,278.94807020207946,-24.807684531717012
CONTACTOR,278.28668685106686,-27.625913269590463,277.82643840500134,-28.131628082179272,278.7469352971324,-27.120198457001653
S-M-0-A,277.9065709401334,-26.765097112126668,277.6748203835905,-27.050155450862768,278.1383214966763,-26.480038773390568
BORNES,279.16192915899967,-28.515187823532596,278.866076692222,-28.72997310412443,279.45778162577733,-28.300402542940763
TM-DIN,279.38006573277426,-25.585398450397502,278.86329126347067,-26.363112369078003,279.8968402020779,-24.807684531717
CONTACTOR,279.23545685106524,-27.62591326959045,278.7752084049997,-28.13162808217925,279.6957052971308,-27.120198457001646
S-M-0-A,278.85534094013184,-26.765097112126657,278.6235903835889,-27.050155450862757,279.08709149667476,-26.480038773390557
BORNES,280.11069915899816,-28.515187823532607,279.8148466922205,-28.729973104124447,280.40655162577576,-28.30040254294077
TM-DIN,280.32883573277275,-25.585398450397513,279.81206126346916,-26.36311236907801,280.8456102020763,-24.807684531717012
CONTACTOR,280.1842268510637,-27.625913269590463,279.72397840499826,-28.131628082179272,280.6444752971292,-27.120198457001653
S-M-0-A,279.80411094013033,-26.765097112126668,279.5723603835874,-27.050155450862768,280.03586149667325,-26.480038773390568
BORNES,281.05946915899654,-28.515187823532607,280.7636166922189,-28.729973104124447,281.35532162577425,-28.30040254294077
TM-DIN,281.2776057327711,-25.585398450397513,280.76083126346754,-26.36311236907801,281.79438020207476,-24.807684531717012
CONTACTOR,281.1329968510621,-27.625913269590463,280.67274840499664,-28.131628082179272,281.59324529712757,-27.120198457001653
S-M-0-A,280.7528809401287,-26.765097112126668,280.5211303835858,-27.050155450862768,280.9846314966716,-26.480038773390568
BORNES,282.008239158995,-28.515187823532607,281.7123866922174,-28.729973104124447,282.3040916257726,-28.30040254294077
TM-DIN,282.2263757327696,-25.585398450397513,281.70960126346597,-26.36311236907801,282.7431502020732,-24.807684531717012
CONTACTOR,282.08176685106054,-27.625913269590463,281.6215184049951,-28.131628082179272,282.542015297126,-27.120198457001653
S-M-0-A,281.70165094012714,-26.765097112126668,281.4699003835842,-27.050155450862768,281.93340149667006,-26.480038773390568
INT-DIF,281.2016130588459,-21.935337699802993,280.8284811217517,-22.54729034379631,281.57474499594014,-21.323385055809677
TM-DIN,299.06231033796405,-25.264321815894853,298.80308699260036,-25.720958998238164,299.32153368332774,-24.807684633551542
TM-DIN,298.11349249012693,-25.264516021828122,297.85426914476324,-25.721153204171433,298.3727158354906,-24.80787883948481
TM-DIN,304.75379618579797,-25.264321815894853,304.4945728404343,-25.720958998238164,305.01301953116166,-24.807684633551542
TM-DIN,306.9035556184625,-25.586175274131193,306.38678114915894,-26.36388919281169,307.42033008776616,-24.808461355450692
BORNES,306.6854191465109,-28.515967348420133,306.3895666797187,-28.730752628999237,306.98127161330314,-28.301182067841033
TM-DIN,307.8523734662996,-25.586175274131193,307.33559899699594,-26.36388919281169,308.3691479356033,-24.808461355450692
BORNES,307.63423699434793,-28.515967348420133,307.3383845275558,-28.730752628999237,307.93008946114014,-28.301182067841033
INT-DIF,306.8275630463747,-21.936228301839485,306.45443110928045,-22.5481809458328,307.2006949834689,-21.32427565784617
TM-DIN,308.8015374662966,-25.585398450397737,308.284762996993,-26.36311236907824,309.3183119356002,-24.807684531717232
BORNES,308.58340099434497,-28.515190524686684,308.2875485275527,-28.729975805265788,308.8792534611372,-28.30040524410758
INT-DIF,308.7255449596439,-21.9343869315378,308.3524130225497,-22.546339575531118,309.09867689673814,-21.322434287544485
TM-DIN,309.750307466295,-25.58636948006447,309.23353299699136,-26.36408339874497,310.2670819355986,-24.808655561383972
BORNES,309.53217099434335,-28.516161554353424,309.2363185275512,-28.730946834932528,309.82802346113556,-28.30137627377432
INT-DIF,309.6743149596423,-21.93535796120454,309.30118302254806,-22.547310605197858,310.0474468967365,-21.323405317211225
TM-DIN,310.6990774662934,-25.58636948006447,310.18230299698973,-26.36408339874497,311.21585193559696,-24.808655561383972
BORNES,310.4809409943418,-28.516161554353424,310.1850885275496,-28.730946834932528,310.77679346113393,-28.30137627377432
INT-DIF,310.6230849596408,-21.93535796120454,310.24995302254655,-22.547310605197858,310.996216896735,-21.323405317211225
TM-DIN,311.647059466295,-25.58636948006447,311.13028499699135,-26.36408339874497,312.1638339355986,-24.808655561383972
BORNES,311.42892299434334,-28.516161554353424,311.1330705275511,-28.730946834932528,311.72477546113555,-28.30137627377432
INT-DIF,311.5710669596423,-21.93535796120454,311.19793502254805,-22.547310605197858,311.9441988967365,-21.323405317211225
TM-DIN,312.59543546629493,-25.58636948006447,312.07866099699135,-26.36408339874497,313.11220993559857,-24.808655561383972
BORNES,312.37729899434333,-28.516161554353424,312.0814465275511,-28.730946834932528,312.67315146113555,-28.30137627377432
INT-DIF,312.5194429596424,-21.93535796120454,312.14631102254816,-22.547310605197858,312.8925748967366,-21.323405317211225
TM-DIN,313.5442054662934,-25.58636948006447,313.0274309969898,-26.36408339874497,314.060979935597,-24.808655561383972
BORNES,313.32606899434177,-28.516161554353424,313.0302165275495,-28.730946834932528,313.621921461134,-28.30137627377432
INT-DIF,313.46821295964077,-21.93535796120454,313.09508102254654,-22.547310605197858,313.841344896735,-21.323405317211225
TM-DIN,318.285691466295,-25.58636948006447,317.7689169969914,-26.36408339874497,318.8024659355986,-24.808655561383972
BORNES,318.06755499434337,-28.516161554353424,317.7717025275511,-28.730946834932528,318.3634074611356,-28.30137627377432
INT-DIF,318.2096989596423,-21.93535796120454,317.8365670225481,-22.547310605197858,318.58283089673654,-21.323405317211225
TM-DIN,319.23406746629496,-25.58636948006447,318.7172929969914,-26.36408339874497,319.7508419355985,-24.808655561383972
BORNES,319.0159309943433,-28.516161554353424,318.7200785275511,-28.730946834932528,319.3117834611356,-28.30137627377432
INT-DIF,319.1580749596423,-21.93535796120454,318.7849430225481,-22.547310605197858,319.53120689673653,-21.323405317211225
TM-DIN,320.1824434662949,-25.58636948006447,319.66566899699126,-26.36408339874497,320.6992179355986,-24.808655561383972
BORNES,319.96430699434325,-28.516161554353424,319.6684545275511,-28.730946834932528,320.26015946113546,-28.30137627377432
INT-DIF,320.1064509596423,-21.93535796120454,319.7333190225481,-22.547310605197858,320.47958289673653,-21.323405317211225
TM-DIN,321.1312134662934,-25.58636948006447,320.61443899698975,-26.36408339874497,321.647987935597,-24.808655561383972
BORNES,320.91307699434174,-28.516161554353424,320.6172245275495,-28.730946834932528,321.20892946113395,-28.30137627377432
INT-DIF,321.0552209596407,-21.93535796120454,320.68208902254645,-22.547310605197858,321.4283528967349,-21.323405317211225
TM-DIN,323.01850235301174,-25.586369581895706,322.50172788370816,-26.36408350057621,323.53527682231527,-24.8086556632152
TM-DIN,322.0760434663039,-25.58636948006447,321.55926899700023,-26.36408339874497,322.5928179356075,-24.808655561383972
BORNES,321.8579069943523,-28.516161554353424,321.5620545275601,-28.730946834932528,322.15375946114443,-28.30137627377432
INT-DIF,322.0000509596513,-21.93535796120454,321.62691902255705,-22.547310605197858,322.3731828967455,-21.323405317211225
CONTACTOR,310.55446867147106,-27.625913269590455,310.09422022540554,-28.13162808217926,311.0147171175366,-27.120198457001646
S-M-0-A,310.1743527605376,-26.765097112126657,309.9426022039947,-27.050155450862757,310.4061033170805,-26.480038773390557
CONTACTOR,311.50245067147256,-27.625913269590455,311.04220222540704,-28.13162808217926,311.9626991175381,-27.120198457001646
S-M-0-A,311.1223347605391,-26.765097112126657,310.8905842039962,-27.050155450862757,311.354085317082,-26.480038773390557
CONTACTOR,312.4508266714726,-27.625913269590463,311.99057822540715,-28.131628082179272,312.9110751175381,-27.120198457001653
S-M-0-A,312.0707107605391,-26.765097112126668,311.8389602039962,-27.050155450862768,312.302461317082,-26.480038773390568
CONTACTOR,313.39959667147104,-27.625913269590463,312.9393482254055,-28.131628082179272,313.8598451175365,-27.120198457001653
S-M-0-A,313.0194807605376,-26.765097112126668,312.78773020399467,-27.050155450862768,313.2512313170805,-26.480038773390568
CONTACTOR,314.3475786714726,-27.625913269590455,313.88733022540714,-28.13162808217926,314.80782711753807,-27.120198457001646
S-M-0-A,313.9674627605391,-26.765097112126657,313.7357122039962,-27.050155450862757,314.199213317082,-26.480038773390557
CONTACTOR,315.29595467147254,-27.625913269590463,314.835706225407,-28.131628082179272,315.75620311753806,-27.120198457001653
S-M-0-A,314.9158387605392,-26.765097112126668,314.6840882039963,-27.050155450862768,315.1475893170821,-26.480038773390568
CONTACTOR,316.24433067147254,-27.625913269590463,315.784082225407,-28.131628082179272,316.7045791175381,-27.120198457001653
S-M-0-A,315.86421476053914,-26.765097112126668,315.6324642039962,-27.050155450862768,316.09596531708206,-26.480038773390568
CONTACTOR,317.18788297581256,-27.625913269590455,316.72763452974704,-28.13162808217926,317.6481314218781,-27.120198457001646
S-M-0-A,316.8077670648791,-26.765097112126657,316.5760165083362,-27.050155450862757,317.039517621422,-26.480038773390557
CONTACTOR,318.1410826714726,-27.625913269590455,317.68083422540707,-28.13162808217926,318.6013311175381,-27.120198457001646
S-M-0-A,317.76096676053913,-26.765097112126657,317.5292162039962,-27.050155450862757,317.99271731708205,-26.480038773390557
CONTACTOR,319.0894586714726,-27.625913269590455,318.62921022540706,-28.13162808217926,319.5497071175381,-27.120198457001646
S-M-0-A,318.70934276053913,-26.765097112126657,318.4775922039962,-27.050155450862757,318.94109331708205,-26.480038773390557
CONTACTOR,320.0378346714726,-27.625913269590463,319.57758622540706,-28.131628082179272,320.4980831175381,-27.120198457001653
S-M-0-A,319.6577187605391,-26.765097112126668,319.4259682039962,-27.050155450862768,319.88946931708205,-26.480038773390568
CONTACTOR,320.98660467147096,-27.625913269590463,320.52635622540544,-28.131628082179272,321.4468531175365,-27.120198457001653
S-M-0-A,320.6064887605375,-26.765097112126668,320.3747382039946,-27.050155450862768,320.8382393170804,-26.480038773390568
CONTACTOR,321.9314346714815,-27.625913269590463,321.47118622541603,-28.131628082179272,322.391683117547,-27.120198457001653
S-M-0-A,321.5513187605481,-26.765097112126668,321.3195682040052,-27.050155450862768,321.783069317091,-26.480038773390568
BORNES,291.49204700683356,-28.515187823532546,291.1961945400559,-28.72997310412438,291.7878994736113,-28.300402542940713
TM-DIN,291.71018358060815,-25.58539845039744,291.19340911130445,-26.363112369077943,292.2269580499118,-24.80768453171694
INT-DIF,291.634190972118,-21.935357074292682,291.2610590350238,-22.547309718285998,292.00732290921223,-21.323404430299366
TM-DIN,305.70261403363503,-25.264321815894863,305.44339068827134,-25.720958998238174,305.9618373789987,-24.807684633551553
