block_name,tipo,x_cad,y_cad,x1,y1,x2,y2
*U30,cuchilla_seccionadora,2495.84316395764,1597.595272018305,2495.75816395764,1597.3202720183049,2495.9281639576398,1597.8702720183048
*U24,cuchilla_seccionadora,2495.2431639576403,1597.595272018306,2495.15816395764,1597.320272018306,2495.32816395764,1597.870272018306
*U24,cuchilla_seccionadora,2492.243163957643,1597.595272018305,2492.158163957643,1597.3202720183049,2492.3281639576426,1597.8702720183048
*U24,cuchilla_seccionadora,2492.8431639576434,1597.595272018305,2492.7581639576433,1597.3202720183049,2492.928163957643,1597.8702720183048
*U20,interruptor_nsx_aux,2485.853163957758,1597.645272018307,2485.7581639577584,1597.270272018307,2485.948163957758,1598.020272018307
*U85,interruptor_nsx_aux,2503.568928562922,1597.645272018308,2503.473928562922,1597.270272018308,2503.6639285629217,1598.020272018308
*U85,interruptor_nsx_aux,2504.168928562921,1597.645272018308,2504.073928562921,1597.270272018308,2504.2639285629207,1598.020272018308
*U85,interruptor_nsx_aux,2504.768928562921,1597.645272018308,2504.673928562921,1597.270272018308,2504.8639285629206,1598.020272018308
*U19,interruptor_nsx_bomba,2504.77392856292,1599.300463902502,2504.47392856292,1598.850463902502,2505.07392856292,1599.750463902502
*U24,cuchilla_seccionadora,2487.0431639577573,1597.595272018307,2486.9581639577573,1597.320272018307,2487.128163957757,1597.8702720183069
*U24,cuchilla_seccionadora,2487.643163957702,1597.595272018307,2487.558163957702,1597.320272018307,2487.728163957702,1597.8702720183069
*U30,cuchilla_seccionadora,2491.643163957644,1597.595272018305,2491.558163957644,1597.3202720183049,2491.7281639576436,1597.8702720183048
IE-Salida carga1,interruptor_nsx_aux,2499.453163957581,1597.645272018307,2499.3581639575814,1597.270272018307,2499.548163957581,1598.020272018307
*U28,cabecera_nsx_red,2492.735130236215,1605.1449641108038,2492.3351302362153,1604.744964110804,2493.135130236215,1605.544964110804
*U29,interruptor_motorizado,2492.8000161987757,1599.796097709637,2492.415016198776,1599.421097709637,2493.185016198776,1600.171097709637
*U29,interruptor_motorizado,2497.947507899275,1599.807323730336,2497.5625078992753,1599.432323730336,2498.3325078992752,1600.182323730336
*U24,cuchilla_seccionadora,2486.4431639577583,1597.595272018307,2486.3581639577583,1597.320272018307,2486.528163957758,1597.8702720183069
*U24,cuchilla_seccionadora,2493.4431639576424,1597.595272018305,2493.3581639576423,1597.3202720183049,2493.528163957642,1597.8702720183048
*U85,interruptor_nsx_aux,2505.36892856292,1597.645272018308,2505.27392856292,1597.270272018308,2505.4639285629196,1598.020272018308
*U30,cuchilla_seccionadora,2497.043163957639,1597.595272018306,2496.958163957639,1597.320272018306,2497.1281639576387,1597.870272018306
*U24,cuchilla_seccionadora,2488.843163957701,1597.595272018307,2488.758163957701,1597.320272018307,2488.9281639577007,1597.8702720183069
*U24,cuchilla_seccionadora,2489.443163957645,1597.595272018307,2489.358163957645,1597.320272018307,2489.5281639576447,1597.8702720183069
*U30,cuchilla_seccionadora,2497.643163957583,1597.5952720183082,2497.558163957583,1597.320272018308,2497.7281639575826,1597.870272018308
*U30,cuchilla_seccionadora,2498.243163957582,1597.5952720183082,2498.158163957582,1597.320272018308,2498.3281639575816,1597.870272018308
*U30,cuchilla_seccionadora,2498.8431639575824,1597.595272018307,2498.7581639575824,1597.320272018307,2498.928163957582,1597.8702720183069
*U30,cuchilla_seccionadora,2494.6431639576413,1597.595272018306,2494.558163957641,1597.320272018306,2494.728163957641,1597.870272018306
*U30,cuchilla_seccionadora,2494.0431639576414,1597.595272018305,2493.9581639576413,1597.3202720183049,2494.128163957641,1597.8702720183048
*U54,seccionador_acoplamiento,2490.8814818382007,1597.950463902362,2490.6514818382007,1597.630463902362,2491.1114818382007,1598.2704639023618
*U24,cuchilla_seccionadora,2488.243163957701,1597.595272018307,2488.158163957701,1597.320272018307,2488.328163957701,1597.8702720183069
*U77,interruptor_nsx_aux,2505.968928562919,1597.645272018308,2505.873928562919,1597.270272018308,2506.0639285629186,1598.020272018308
*U78,interruptor_nsx_aux,2500.053212930058,1597.645272018308,2499.9582129300584,1597.270272018308,2500.148212930058,1598.020272018308
*U30,cuchilla_seccionadora,2500.6432129300574,1597.5952720183082,2500.5582129300574,1597.320272018308,2500.728212930057,1597.870272018308
*U30,cuchilla_seccionadora,2501.2432129300573,1597.5952720183082,2501.1582129300573,1597.320272018308,2501.328212930057,1597.870272018308
*U20,interruptor_nsx_aux,2496.453163957639,1597.645272018305,2496.358163957639,1597.270272018305,2496.5481639576387,1598.020272018305
